file_name,bridge_angle,dlman,Fr_ini,plates,cubes,logs,Q[dm],batch,H_up,H_down,H_up_corr,H_down_corr,pic_side,pic_top,dh,dh_d0,rel_BW,carpet_length_avg,carpet_length_max,exp_id,volume
dried debris,45.0,0.0186046261988786,0.55,0.25,0.0,0.75,18.6,1.0,138.0,13.7,132.0,82.99999999999999,685.0,331.0,49.000000000000014,0.3821989528795811,,,,1,1.06
,45.0,0.0186046261988786,0.55,0.25,0.0,0.75,18.6,2.0,153.0,13.6,147.0,82.0,686.0,332.0,65.0,0.5392670157068062,,,,1,2.12
,45.0,0.0186046261988786,0.55,0.25,0.0,0.75,18.6,3.0,157.0,13.6,151.0,82.0,687.0,333.0,69.0,0.581151832460733,,,,1,3.18
,45.0,0.0186046261988786,0.55,0.25,0.0,0.75,18.6,4.0,161.0,13.6,155.0,82.0,688.0,334.0,73.0,0.6230366492146597,0.6230366492146597,?,?,1,4.24
N3_R_2P_F0.55_h0.9_0P25C75L_0HR_R1_4L_0HW_45Deg,45.0,0.0186046261988786,0.55,0.0,0.25,0.75,18.6,0.0,101.0,14.2,95.0,87.99999999999999,,,7.000000000000014,0.0,,,,2,0.0
dried debris,45.0,0.0186046261988786,0.55,0.0,0.25,0.75,18.6,1.0,142.0,13.7,136.0,82.99999999999999,689.0,335.0,53.000000000000014,0.431578947368421,,,,2,1.06
,45.0,0.0186046261988786,0.55,0.0,0.25,0.75,18.6,2.0,150.0,13.5,144.0,81.0,690.0,336.0,63.0,0.5157894736842106,,,,2,2.12
,45.0,0.0186046261988786,0.55,0.0,0.25,0.75,18.6,3.0,152.0,13.5,146.0,81.0,692.0,337.0,65.0,0.5368421052631579,,,,2,3.18
,45.0,0.0186046261988786,0.55,0.0,0.25,0.75,18.6,4.0,154.0,13.5,148.0,81.0,693.0,339.0,67.0,0.5578947368421052,0.5578947368421052,60,90,2,4.24
N3_R_2P_F0.55_h0.9_25P0C75L_0HR_R1_4L_0HW_45Deg,45.0,0.0186046261988786,0.55,0.25,0.0,0.75,18.6,0.0,101.0,14.2,95.0,87.99999999999999,,,7.000000000000014,0.0,,,,3,0.0
dried debris,45.0,0.0186046261988786,0.55,0.25,0.0,0.75,18.6,1.0,126.0,14.0,120.0,86.0,694.0,340.0,34.0,0.2631578947368421,,,,3,1.06
,45.0,0.0186046261988786,0.55,0.25,0.0,0.75,18.6,2.0,136.0,14.0,130.0,86.0,695.0,341.0,44.0,0.3684210526315789,,,,3,2.12
,45.0,0.0186046261988786,0.55,0.25,0.0,0.75,18.6,3.0,163.0,13.7,157.0,82.99999999999999,696.0,342.0,74.00000000000001,0.6526315789473685,,,,3,3.18
,45.0,0.0186046261988786,0.55,0.25,0.0,0.75,18.6,4.0,166.0,13.7,160.0,82.99999999999999,697.0,343.0,77.00000000000001,0.6842105263157895,0.6842105263157895,65,95,3,4.24
N3_R_2P_F0.55_h0.9_0P25C75L_0HR_R1_4L_0HW_45Deg,45.0,0.0186046261988786,0.55,0.0,0.25,0.75,18.6,0.0,101.0,14.2,95.0,87.99999999999999,,,7.000000000000014,0.0,,,,4,0.0
dried debris,45.0,0.0186046261988786,0.55,0.0,0.25,0.75,18.6,1.0,139.0,13.8,133.0,84.0,699.0,345.0,49.0,0.4,,,,4,1.06
,45.0,0.0186046261988786,0.55,0.0,0.25,0.75,18.6,2.0,150.0,13.8,144.0,84.0,700.0,346.0,60.0,0.5157894736842106,,,,4,2.12
,45.0,0.0186046261988786,0.55,0.0,0.25,0.75,18.6,3.0,157.0,14.2,151.0,87.99999999999999,701.0,347.0,63.000000000000014,0.5894736842105263,,,,4,3.18
,45.0,0.0186046261988786,0.55,0.0,0.25,0.75,18.6,4.0,158.0,14.2,152.0,87.99999999999999,702.0,348.0,64.00000000000001,0.6,0.6,70,90,4,4.24
N3_R_2P_F0.55_h0.9_0P0C100L_0HR_R1_4L_0HW_45Deg,45.0,0.0186046261988786,0.55,0.0,0.0,1.0,18.6,0.0,101.0,14.1,95.0,87.0,,,8.0,0.0,,,,5,0.0
dried debris,45.0,0.0186046261988786,0.55,0.0,0.0,1.0,18.6,1.0,116.0,14.0,110.0,86.0,703.0,349.0,24.0,0.1578947368421052,,,,5,1.06
,45.0,0.0186046261988786,0.55,0.0,0.0,1.0,18.6,2.0,145.0,13.9,139.0,85.0,704.0,350.0,54.0,0.4631578947368421,,,,5,2.12
,45.0,0.0186046261988786,0.55,0.0,0.0,1.0,18.6,3.0,158.0,13.9,152.0,85.0,705.0,351.0,67.0,0.6,,,,5,3.18
,45.0,0.0186046261988786,0.55,0.0,0.0,1.0,18.6,4.0,158.0,13.9,152.0,85.0,706.0,352.0,67.0,0.6,0.6,65,90,5,4.24
N3_R_2P_F0.48_h0.9_25P0C75L_0HR_R1_4L_0HW_45Deg,45.0,0.0162367646826576,0.48,0.25,0.0,0.75,16.2,0.0,101.0,14.2,95.0,87.99999999999999,,,7.000000000000014,0.0,,,,6,0.0
dried debris,45.0,0.0162367646826576,0.48,0.25,0.0,0.75,16.2,1.0,124.0,14.2,118.0,87.99999999999999,707.0,353.0,30.00000000000001,0.2421052631578947,,,,6,1.06
,45.0,0.0162367646826576,0.48,0.25,0.0,0.75,16.2,2.0,153.0,14.2,147.0,87.99999999999999,708.0,354.0,59.000000000000014,0.5473684210526316,,,,6,2.12
,45.0,0.0162367646826576,0.48,0.25,0.0,0.75,16.2,3.0,153.0,14.2,147.0,87.99999999999999,709.0,355.0,59.000000000000014,0.5473684210526316,,,,6,3.18
,45.0,0.0162367646826576,0.48,0.25,0.0,0.75,16.2,4.0,155.0,14.2,149.0,87.99999999999999,710.0,356.0,61.000000000000014,0.5684210526315789,0.5684210526315789,85,95,6,4.24
N3_R_2P_F0.48_h0.9_0P25C75L_0HR_R1_4L_0HW_45Deg,45.0,0.0162367646826576,0.48,0.0,0.25,0.75,16.2,0.0,101.0,14.2,95.0,87.99999999999999,,,7.000000000000014,0.0,,,,7,0.0
dried debris,45.0,0.0162367646826576,0.48,0.0,0.25,0.75,16.2,1.0,122.0,14.2,116.0,87.99999999999999,712.0,357.0,28.00000000000001,0.2210526315789473,,,,7,1.06
,45.0,0.0162367646826576,0.48,0.0,0.25,0.75,16.2,2.0,126.0,14.2,120.0,87.99999999999999,713.0,358.0,32.000000000000014,0.2631578947368421,,,,7,2.12
,45.0,0.0162367646826576,0.48,0.0,0.25,0.75,16.2,3.0,149.0,14.2,143.0,87.99999999999999,714.0,359.0,55.000000000000014,0.5052631578947369,,,,7,3.18
,45.0,0.0162367646826576,0.48,0.0,0.25,0.75,16.2,4.0,149.0,14.2,143.0,87.99999999999999,715.0,360.0,55.000000000000014,0.5052631578947369,0.5052631578947369,82,111,7,4.24
N3_R_2P_F0.4_h0.9_25P0C75L_0HR_R1_4L_0HW_45Deg,45.0,0.013530637235548,0.4,0.25,0.0,0.75,13.5,0.0,97.0,14.3,91.0,89.0,,,2.0,0.0,,,,8,0.0
dried debris,45.0,0.013530637235548,0.4,0.25,0.0,0.75,13.5,1.0,106.0,14.2,100.0,87.99999999999999,716.0,361.0,12.000000000000014,0.0989010989010989,,,,8,1.06
,45.0,0.013530637235548,0.4,0.25,0.0,0.75,13.5,2.0,111.0,14.2,105.0,87.99999999999999,717.0,362.0,17.000000000000014,0.1538461538461538,,,,8,2.12
,45.0,0.013530637235548,0.4,0.25,0.0,0.75,13.5,3.0,122.0,14.0,116.0,86.0,718.0,363.0,30.0,0.2747252747252747,,,,8,3.18
,45.0,0.013530637235548,0.4,0.25,0.0,0.75,13.5,4.0,134.0,13.9,128.0,85.0,719.0,364.0,43.0,0.4065934065934066,0.4065934065934066,52,62,8,4.24
N3_R_2P_F0.4_h0.9_0P25C75L_0HR_R1_4L_0HW_45Deg,45.0,0.013530637235548,0.4,0.0,0.25,0.75,13.5,0.0,97.0,14.3,91.0,89.0,,,2.0,0.0,,,,9,0.0
dried debris,45.0,0.013530637235548,0.4,0.0,0.25,0.75,13.5,1.0,112.0,14.2,106.0,87.99999999999999,720.0,365.0,18.000000000000014,0.1648351648351648,,,,9,1.06
,45.0,0.013530637235548,0.4,0.0,0.25,0.75,13.5,2.0,122.0,14.2,116.0,87.99999999999999,721.0,366.0,28.00000000000001,0.2747252747252747,,,,9,2.12
,45.0,0.013530637235548,0.4,0.0,0.25,0.75,13.5,3.0,126.0,14.2,120.0,87.99999999999999,722.0,367.0,32.000000000000014,0.3186813186813186,,,,9,3.18
,45.0,0.013530637235548,0.4,0.0,0.25,0.75,13.5,4.0,129.0,14.2,123.0,87.99999999999999,723.0,368.0,35.000000000000014,0.3516483516483517,0.3516483516483517,60,65,9,4.24
N3_R_2P_F0.4_h0.9_25P0C75L_0HR_R1_4L_0HW_45Deg,45.0,0.013530637235548,0.4,0.25,0.0,0.75,13.5,0.0,97.0,14.3,91.0,89.0,,,2.0,0.0,,,,10,0.0
dried debris,45.0,0.013530637235548,0.4,0.25,0.0,0.75,13.5,1.0,104.0,14.2,98.0,87.99999999999999,724.0,369.0,10.000000000000014,0.0769230769230769,,,,10,1.06
,45.0,0.013530637235548,0.4,0.25,0.0,0.75,13.5,2.0,118.0,14.0,112.0,86.0,725.0,370.0,26.0,0.2307692307692307,,,,10,2.12
,45.0,0.013530637235548,0.4,0.25,0.0,0.75,13.5,3.0,131.0,14.0,125.0,86.0,726.0,371.0,39.0,0.3736263736263736,,,,10,3.18
,45.0,0.013530637235548,0.4,0.25,0.0,0.75,13.5,4.0,135.0,13.9,129.0,85.0,727.0,372.0,44.0,0.4175824175824176,0.4175824175824176,65,82,10,4.24
N3_R_2P_F0.4_h0.9_0P25C75L_0HR_R1_4L_0HW_45Deg,45.0,0.013530637235548,0.4,0.0,0.25,0.75,13.5,0.0,97.0,14.2,91.0,87.99999999999999,,,3.000000000000014,0.0,,,,11,0.0
dried debris,45.0,0.013530637235548,0.4,0.0,0.25,0.75,13.5,1.0,103.0,14.2,97.0,87.99999999999999,728.0,373.0,9.000000000000014,0.0659340659340659,,,,11,1.06
,45.0,0.013530637235548,0.4,0.0,0.25,0.75,13.5,2.0,115.0,14.2,109.0,87.99999999999999,729.0,374.0,21.00000000000001,0.1978021978021978,,,,11,2.12
,45.0,0.013530637235548,0.4,0.0,0.25,0.75,13.5,3.0,117.0,14.2,111.0,87.99999999999999,730.0,375.0,23.00000000000001,0.2197802197802197,,,,11,3.18
,45.0,0.013530637235548,0.4,0.0,0.25,0.75,13.5,4.0,121.0,14.2,115.0,87.99999999999999,731.0,376.0,27.00000000000001,0.2637362637362637,0.2637362637362637,70,95,11,4.24
N3_R_2P_F0.4_h0.9_0P0C100L_0HR_R1_4L_0HW_45Deg,45.0,0.013530637235548,0.4,0.0,0.0,1.0,13.5,0.0,97.0,14.2,91.0,87.99999999999999,,,3.000000000000014,0.0,,,,12,0.0
dried debris,45.0,0.013530637235548,0.4,0.0,0.0,1.0,13.5,1.0,110.0,14.2,104.0,87.99999999999999,732.0,377.0,16.000000000000014,0.1428571428571428,,,,12,1.06
,45.0,0.013530637235548,0.4,0.0,0.0,1.0,13.5,2.0,118.0,14.1,112.0,87.0,733.0,378.0,25.0,0.2307692307692307,,,,12,2.12
,45.0,0.013530637235548,0.4,0.0,0.0,1.0,13.5,3.0,121.0,14.1,115.0,87.0,734.0,379.0,28.0,0.2637362637362637,,,,12,3.18
,45.0,0.013530637235548,0.4,0.0,0.0,1.0,13.5,4.0,123.0,14.0,117.0,86.0,736.0,381.0,31.0,0.2857142857142857,0.2857142857142857,78,80,12,4.24
N3_R_2P_F0.4_h0.9_0P0C100L_0HR_R1_4L_0HW_45Deg,45.0,0.013530637235548,0.4,0.0,0.0,1.0,13.5,0.0,97.0,14.1,91.0,87.0,,,4.0,0.0,,,,13,0.0
dried debris,45.0,0.013530637235548,0.4,0.0,0.0,1.0,13.5,1.0,108.0,14.1,102.0,87.0,737.0,383.0,15.0,0.1208791208791208,,,,13,1.06
,45.0,0.013530637235548,0.4,0.0,0.0,1.0,13.5,2.0,120.0,14.1,114.0,87.0,738.0,384.0,27.0,0.2527472527472527,,,,13,2.12
,45.0,0.013530637235548,0.4,0.0,0.0,1.0,13.5,3.0,136.0,14.1,130.0,87.0,739.0,385.0,43.0,0.4285714285714285,,,,13,3.18
,45.0,0.013530637235548,0.4,0.0,0.0,1.0,13.5,4.0,137.0,14.1,131.0,87.0,740.0,,44.0,0.4395604395604395,0.4395604395604395,80,84,13,4.24
N3_R_2P_F0.48_h0.9_0P25C75L_0HR_R1_4L_0HW_45Deg,45.0,0.0162367646826576,0.48,0.0,0.25,0.75,16.2,0.0,100.0,14.2,94.0,87.99999999999999,,,6.000000000000014,0.0,,,,14,0.0
dried debris,45.0,0.0162367646826576,0.48,0.0,0.25,0.75,16.2,1.0,119.0,14.1,113.0,87.0,741.0,386.0,26.0,0.202127659574468,,,,14,1.06
,45.0,0.0162367646826576,0.48,0.0,0.25,0.75,16.2,2.0,124.0,14.1,118.0,87.0,742.0,387.0,31.0,0.2553191489361702,,,,14,2.12
,45.0,0.0162367646826576,0.48,0.0,0.25,0.75,16.2,3.0,137.0,13.9,131.0,85.0,743.0,388.0,46.0,0.3936170212765957,,,,14,3.18
,45.0,0.0162367646826576,0.48,0.0,0.25,0.75,16.2,4.0,140.0,13.9,134.0,85.0,744.0,389.0,49.0,0.425531914893617,0.425531914893617,65,78,14,4.24
N3_R_2P_F0.48_h0.9_0P25C75L_0HR_R1_4L_0HW_45Deg,45.0,0.0162367646826576,0.48,0.0,0.25,0.75,16.2,0.0,100.0,14.2,94.0,87.99999999999999,,,6.000000000000014,0.0,,,,15,0.0
dried debris,45.0,0.0162367646826576,0.48,0.0,0.25,0.75,16.2,1.0,115.0,14.2,109.0,87.99999999999999,745.0,390.0,21.00000000000001,0.1595744680851064,,,,15,1.06
,45.0,0.0162367646826576,0.48,0.0,0.25,0.75,16.2,2.0,126.0,14.2,120.0,87.99999999999999,746.0,391.0,32.000000000000014,0.2765957446808511,,,,15,2.12
,45.0,0.0162367646826576,0.48,0.0,0.25,0.75,16.2,3.0,131.0,14.2,125.0,87.99999999999999,747.0,392.0,37.000000000000014,0.3297872340425531,,,,15,3.18
,45.0,0.0162367646826576,0.48,0.0,0.25,0.75,16.2,4.0,140.0,14.1,134.0,87.0,748.0,393.0,47.0,0.425531914893617,0.425531914893617,64,80,15,4.24
N3_R_2P_F0.48_h0.9_25P0C75L_0HR_R1_4L_0HW_45Deg,45.0,0.0162367646826576,0.48,0.25,0.0,0.75,16.2,0.0,100.0,14.2,94.0,87.99999999999999,,,6.000000000000014,0.0,,,,16,0.0
dried debris,45.0,0.0162367646826576,0.48,0.25,0.0,0.75,16.2,1.0,108.0,14.2,102.0,87.99999999999999,749.0,394.0,14.000000000000014,0.0851063829787234,,,,16,1.06
,45.0,0.0162367646826576,0.48,0.25,0.0,0.75,16.2,2.0,152.0,13.6,146.0,82.0,750.0,395.0,64.0,0.5531914893617021,,,,16,2.12
,45.0,0.0162367646826576,0.48,0.25,0.0,0.75,16.2,3.0,161.0,13.6,155.0,82.0,751.0,396.0,73.0,0.648936170212766,,,,16,3.18
,45.0,0.0162367646826576,0.48,0.25,0.0,0.75,16.2,4.0,162.0,13.6,156.0,82.0,752.0,397.0,74.0,0.6595744680851063,0.6595744680851063,70,80,16,4.24
N3_R_2P_F0.48_h0.9_25P0C75L_0HR_R1_4L_0HW_45Deg,45.0,0.0162367646826576,0.48,0.25,0.0,0.75,16.2,0.0,100.0,14.2,94.0,87.99999999999999,,,6.000000000000014,0.0,,,,17,0.0
dried debris,45.0,0.0162367646826576,0.48,0.25,0.0,0.75,16.2,1.0,119.0,14.0,113.0,86.0,753.0,398.0,27.0,0.202127659574468,,,,17,1.06
,45.0,0.0162367646826576,0.48,0.25,0.0,0.75,16.2,2.0,159.0,14.0,153.0,86.0,754.0,399.0,67.0,0.6276595744680851,,,,17,2.12
,45.0,0.0162367646826576,0.48,0.25,0.0,0.75,16.2,3.0,164.0,14.0,158.0,86.0,755.0,400.0,72.0,0.6808510638297872,,,,17,3.18
,45.0,0.0162367646826576,0.48,0.25,0.0,0.75,16.2,4.0,166.0,14.0,160.0,86.0,756.0,401.0,74.0,0.7021276595744681,0.7021276595744681,65,80,17,4.24
N3_R_2P_F0.48_h0.9_0P0C100L_0HR_R1_4L_0HW_45Deg,45.0,0.0162367646826576,0.48,0.0,0.0,1.0,16.2,0.0,100.0,14.2,94.0,87.99999999999999,,,6.000000000000014,0.0,,,,18,0.0
dried debris,45.0,0.0162367646826576,0.48,0.0,0.0,1.0,16.2,1.0,124.0,14.0,118.0,86.0,757.0,402.0,32.0,0.2553191489361702,,,,18,1.06
,45.0,0.0162367646826576,0.48,0.0,0.0,1.0,16.2,2.0,144.0,14.0,138.0,86.0,758.0,403.0,52.0,0.4680851063829787,,,,18,2.12
,45.0,0.0162367646826576,0.48,0.0,0.0,1.0,16.2,3.0,146.0,14.0,140.0,86.0,759.0,404.0,54.0,0.4893617021276595,,,,18,3.18
,45.0,0.0162367646826576,0.48,0.0,0.0,1.0,16.2,4.0,146.0,14.0,140.0,86.0,760.0,405.0,54.0,0.4893617021276595,0.4893617021276595,70,95,18,4.24
N3_R_2P_F0.48_h0.9_0P0C100L_0HR_R1_4L_0HW_45Deg,45.0,0.0162367646826576,0.48,0.0,0.0,1.0,16.2,0.0,100.0,14.2,94.0,87.99999999999999,,,6.000000000000014,0.0,,,,19,0.0
dried debris,45.0,0.0162367646826576,0.48,0.0,0.0,1.0,16.2,1.0,124.0,14.2,118.0,87.99999999999999,761.0,406.0,30.00000000000001,0.2553191489361702,,,,19,1.06
,45.0,0.0162367646826576,0.48,0.0,0.0,1.0,16.2,2.0,146.0,14.2,140.0,87.99999999999999,762.0,407.0,52.000000000000014,0.4893617021276595,,,,19,2.12
,45.0,0.0162367646826576,0.48,0.0,0.0,1.0,16.2,3.0,150.0,14.2,144.0,87.99999999999999,763.0,408.0,56.000000000000014,0.5319148936170213,,,,19,3.18
,45.0,0.0162367646826576,0.48,0.0,0.0,1.0,16.2,4.0,152.0,14.2,146.0,87.99999999999999,764.0,409.0,58.000000000000014,0.5531914893617021,0.5531914893617021,65,80,19,4.24
N3_R_2P_F0.48_h0.9_0P0C100L_0HR_R1_4L_0HW_45Deg,45.0,0.0162367646826576,0.48,0.0,0.0,1.0,16.2,0.0,100.0,14.2,94.0,87.99999999999999,,,6.000000000000014,0.0,,,,20,0.0
dried debris,45.0,0.0162367646826576,0.48,0.0,0.0,1.0,16.2,1.0,114.0,14.2,108.0,87.99999999999999,765.0,410.0,20.00000000000001,0.1489361702127659,,,,20,1.06
,45.0,0.0162367646826576,0.48,0.0,0.0,1.0,16.2,2.0,130.0,14.1,124.0,87.0,766.0,411.0,37.0,0.3191489361702128,,,,20,2.12
,45.0,0.0162367646826576,0.48,0.0,0.0,1.0,16.2,3.0,139.0,14.2,133.0,87.99999999999999,767.0,412.0,45.000000000000014,0.4148936170212766,,,,20,3.18
,45.0,0.0162367646826576,0.48,0.0,0.0,1.0,16.2,4.0,146.0,14.2,140.0,87.99999999999999,768.0,413.0,52.000000000000014,0.4893617021276595,0.4893617021276595,65,80,20,4.24
N3_R_2P_F0.55_h0.9_25P0C75L_0HR_R1_4L_0HW_45Deg,45.0,0.0186046261988786,0.55,0.25,0.0,0.75,18.6,0.0,102.0,14.0,96.0,86.0,,,10.0,0.0,,,,21,0.0
dried debris,45.0,0.0186046261988786,0.55,0.25,0.0,0.75,18.6,1.0,132.0,14.0,126.0,86.0,769.0,414.0,40.0,0.3125,,,,21,1.06
,45.0,0.0186046261988786,0.55,0.25,0.0,0.75,18.6,2.0,154.0,13.9,148.0,85.0,770.0,415.0,63.0,0.5416666666666666,,,,21,2.12
,45.0,0.0186046261988786,0.55,0.25,0.0,0.75,18.6,3.0,157.0,13.9,151.0,85.0,771.0,416.0,66.0,0.5729166666666666,,,,21,3.18
,45.0,0.0186046261988786,0.55,0.25,0.0,0.75,18.6,4.0,184.0,13.9,178.0,85.0,772.0,417.0,93.0,0.8541666666666666,0.8541666666666666,55,75,21,4.24
N3_R_2P_F0.55_h0.9_0P25C75L_0HR_R1_4L_0HW_45Deg,45.0,0.0186046261988786,0.55,0.0,0.25,0.75,18.6,0.0,102.0,14.0,96.0,86.0,,,10.0,0.0,,,,22,0.0
dried debris,45.0,0.0186046261988786,0.55,0.0,0.25,0.75,18.6,1.0,120.0,14.0,114.0,86.0,773.0,418.0,28.0,0.1875,,,,22,1.06
,45.0,0.0186046261988786,0.55,0.0,0.25,0.75,18.6,2.0,149.0,13.9,143.0,85.0,774.0,419.0,58.0,0.4895833333333333,,,,22,2.12
,45.0,0.0186046261988786,0.55,0.0,0.25,0.75,18.6,3.0,155.0,13.9,149.0,85.0,775.0,420.0,64.0,0.5520833333333334,,,,22,3.18
,45.0,0.0186046261988786,0.55,0.0,0.25,0.75,18.6,4.0,175.0,13.9,169.0,85.0,776.0,421.0,84.0,0.7604166666666666,0.7604166666666666,60,75,22,4.24
N3_R_2P_F0.55_h0.9_0P0C100L_0HR_R1_4L_0HW_45Deg,45.0,0.0186046261988786,0.55,0.0,0.0,1.0,18.6,0.0,102.0,14.0,96.0,86.0,,,10.0,0.0,,,,23,0.0
dried debris,45.0,0.0186046261988786,0.55,0.0,0.0,1.0,18.6,1.0,133.0,14.0,127.0,86.0,777.0,422.0,41.0,0.3229166666666667,,,,23,1.06
,45.0,0.0186046261988786,0.55,0.0,0.0,1.0,18.6,2.0,156.0,13.9,150.0,85.0,778.0,423.0,65.0,0.5625,,,,23,2.12
,45.0,0.0186046261988786,0.55,0.0,0.0,1.0,18.6,3.0,166.0,13.9,160.0,85.0,779.0,424.0,75.0,0.6666666666666666,,,,23,3.18
,45.0,0.0186046261988786,0.55,0.0,0.0,1.0,18.6,4.0,172.0,13.9,166.0,85.0,780.0,425.0,81.0,0.7291666666666666,0.7291666666666666,75,82,23,4.24
N3_R_2P_F0.55_h0.9_0P0C100L_0HR_R1_4L_0HW_45Deg,45.0,0.0186046261988786,0.55,0.0,0.0,1.0,18.6,0.0,102.0,14.0,96.0,86.0,,,10.0,0.0,,,,24,0.0
dried debris,45.0,0.0186046261988786,0.55,0.0,0.0,1.0,18.6,1.0,129.0,14.0,123.0,86.0,781.0,426.0,37.0,0.28125,,,,24,1.06
,45.0,0.0186046261988786,0.55,0.0,0.0,1.0,18.6,2.0,149.0,13.9,143.0,85.0,782.0,427.0,58.0,0.4895833333333333,,,,24,2.12
,45.0,0.0186046261988786,0.55,0.0,0.0,1.0,18.6,3.0,155.0,13.9,149.0,85.0,783.0,428.0,64.0,0.5520833333333334,,,,24,3.18
,45.0,0.0186046261988786,0.55,0.0,0.0,1.0,18.6,4.0,159.0,13.9,153.0,85.0,784.0,429.0,68.0,0.59375,0.59375,66,90,24,4.24
N3_R_2P_F0.4_h0.9_0P25C75L_0HR_R1_4L_0HW_45Deg,45.0,0.013530637235548,0.4,0.0,0.25,0.75,13.5,0.0,97.0,14.0,91.0,86.0,,,5.0,0.0,,,,25,0.0
dried debris,45.0,0.013530637235548,0.4,0.0,0.25,0.75,13.5,1.0,110.0,14.0,104.0,86.0,785.0,430.0,18.0,0.1428571428571428,,,,25,1.06
,45.0,0.013530637235548,0.4,0.0,0.25,0.75,13.5,2.0,125.0,14.0,119.0,86.0,786.0,431.0,33.0,0.3076923076923077,,,,25,2.12
,45.0,0.013530637235548,0.4,0.0,0.25,0.75,13.5,3.0,127.0,14.0,121.0,86.0,787.0,432.0,35.0,0.3296703296703296,,,,25,3.18
,45.0,0.013530637235548,0.4,0.0,0.25,0.75,13.5,4.0,131.0,14.0,125.0,86.0,788.0,433.0,39.0,0.3736263736263736,0.3736263736263736,76,65,25,4.24
N3_R_2P_F0.4_h0.9_25P0C75L_0HR_R1_4L_0HW_45Deg,45.0,0.013530637235548,0.4,0.25,0.0,0.75,13.5,0.0,97.0,14.0,91.0,86.0,,,5.0,0.0,,,,26,0.0
dried debris,45.0,0.013530637235548,0.4,0.25,0.0,0.75,13.5,1.0,117.0,14.0,111.0,86.0,789.0,434.0,25.0,0.2197802197802197,,,,26,1.06
,45.0,0.013530637235548,0.4,0.25,0.0,0.75,13.5,2.0,129.0,14.0,123.0,86.0,790.0,435.0,37.0,0.3516483516483517,,,,26,2.12
,45.0,0.013530637235548,0.4,0.25,0.0,0.75,13.5,3.0,143.0,14.0,137.0,86.0,791.0,436.0,51.0,0.5054945054945055,,,,26,3.18
,45.0,0.013530637235548,0.4,0.25,0.0,0.75,13.5,4.0,144.0,14.0,138.0,86.0,792.0,437.0,52.0,0.5164835164835165,0.5164835164835165,78,90,26,4.24
N3_R_2P_F0.4_h0.9_0P0C100L_0HR_R1_4L_0HW_45Deg,45.0,0.013530637235548,0.4,0.0,0.0,1.0,13.5,0.0,97.0,14.0,91.0,86.0,,,5.0,0.0,,,,27,0.0
dried debris,45.0,0.013530637235548,0.4,0.0,0.0,1.0,13.5,1.0,112.0,14.0,106.0,86.0,793.0,438.0,20.0,0.1648351648351648,,,,27,1.06
,45.0,0.013530637235548,0.4,0.0,0.0,1.0,13.5,2.0,123.0,14.0,117.0,86.0,794.0,439.0,31.0,0.2857142857142857,,,,27,2.12
,45.0,0.013530637235548,0.4,0.0,0.0,1.0,13.5,3.0,125.0,14.0,119.0,86.0,795.0,440.0,33.0,0.3076923076923077,,,,27,3.18
,45.0,0.013530637235548,0.4,0.0,0.0,1.0,13.5,4.0,146.0,14.0,140.0,86.0,796.0,441.0,54.0,0.5384615384615384,0.5384615384615384,62,75,27,4.24
N3_R_2P_F0.28_h0.9_0P25C75L_0HR_R1_4L_0HW_45Deg,45.0,0.0094714460648836,0.28,0.0,0.25,0.75,13.5,0.0,97.0,14.3,91.0,89.0,,,2.0,0.0,,,,28,0.0
dried debris - cubes,45.0,0.0094714460648836,0.28,0.0,0.25,0.75,13.5,1.0,101.0,14.3,95.0,89.0,797.0,442.0,6.0,0.0439560439560439,,,,28,1.06
,45.0,0.0094714460648836,0.28,0.0,0.25,0.75,13.5,2.0,103.0,14.3,97.0,89.0,798.0,443.0,8.0,0.0659340659340659,,,,28,2.12
,45.0,0.0094714460648836,0.28,0.0,0.25,0.75,13.5,3.0,105.0,14.2,99.0,87.99999999999999,799.0,444.0,11.000000000000014,0.0879120879120879,,,,28,3.18
,45.0,0.0094714460648836,0.28,0.0,0.25,0.75,13.5,4.0,106.0,14.2,100.0,87.99999999999999,800.0,445.0,12.000000000000014,0.0989010989010989,0.0989010989010989,75,90,28,4.24
N3_R_2P_F0.28_h0.9_25P0C75L_0HR_R1_4L_0HW_45Deg,45.0,0.0094714460648836,0.28,0.25,0.0,0.75,13.5,0.0,97.0,14.3,91.0,89.0,,,2.0,0.0,,,,29,0.0
dried debris - Plates,45.0,0.0094714460648836,0.28,0.25,0.0,0.75,13.5,1.0,104.0,14.3,98.0,89.0,801.0,446.0,9.0,0.0769230769230769,,,,29,1.06
,45.0,0.0094714460648836,0.28,0.25,0.0,0.75,13.5,2.0,106.0,14.25,100.0,88.5,802.0,447.0,11.5,0.0989010989010989,,,,29,2.12
,45.0,0.0094714460648836,0.28,0.25,0.0,0.75,13.5,3.0,109.0,14.2,103.0,87.99999999999999,803.0,448.0,15.000000000000014,0.1318681318681318,,,,29,3.18
,45.0,0.0094714460648836,0.28,0.25,0.0,0.75,13.5,4.0,113.0,14.2,107.0,87.99999999999999,804.0,449.0,19.00000000000001,0.1758241758241758,0.1758241758241758,77,88,29,4.24
N3_R_2P_F0.28_h0.9_0P0C100L_0HR_R1_4L_0HW_45Deg,45.0,0.0094714460648836,0.28,0.0,0.0,1.0,13.5,0.0,97.0,14.3,91.0,89.0,,,2.0,0.0,,,,30,0.0
dried debris - 100%LOGS,45.0,0.0094714460648836,0.28,0.0,0.0,1.0,13.5,1.0,101.0,14.3,95.0,89.0,805.0,450.0,6.0,0.0439560439560439,,,,30,1.06
,45.0,0.0094714460648836,0.28,0.0,0.0,1.0,13.5,2.0,103.0,14.25,97.0,88.5,806.0,451.0,8.5,0.0659340659340659,,,,30,2.12
,45.0,0.0094714460648836,0.28,0.0,0.0,1.0,13.5,3.0,105.0,14.2,99.0,87.99999999999999,807.0,452.0,11.000000000000014,0.0879120879120879,,,,30,3.18
,45.0,0.0094714460648836,0.28,0.0,0.0,1.0,13.5,4.0,107.5,14.2,101.5,87.99999999999999,808.0,453.0,13.500000000000014,0.1153846153846153,0.1153846153846153,running late and forgot to measure….,,30,4.24
N3_R_2P_F0.4_h0.9_0P0C100L_0HR_R1_4L_0HW_45Deg,45.0,0.013530637235548,0.4,0.0,0.0,1.0,13.5,0.0,99.0,14.2,93.0,87.99999999999999,,,5.000000000000014,0.0,,,,31,0.0
dried debris,45.0,0.013530637235548,0.4,0.0,0.0,1.0,13.5,1.0,114.0,14.2,108.0,87.99999999999999,809.0,454.0,20.00000000000001,0.1612903225806451,,,,31,1.06
,45.0,0.013530637235548,0.4,0.0,0.0,1.0,13.5,2.0,128.0,14.2,122.0,87.99999999999999,810.0,455.0,34.000000000000014,0.3118279569892473,,,,31,2.12
,45.0,0.013530637235548,0.4,0.0,0.0,1.0,13.5,3.0,129.0,14.0,123.0,86.0,811.0,456.0,37.0,0.3225806451612903,,,,31,3.18
,45.0,0.013530637235548,0.4,0.0,0.0,1.0,13.5,4.0,132.0,14.0,126.0,86.0,812.0,457.0,40.0,0.3548387096774194,0.3548387096774194,75,105,31,4.24
N3_R_2P_F0.55_h0.9_25P0C75L_0HR_R1_4L_0HW_67.5Deg,67.5,0.0186046261988786,0.55,0.25,0.0,0.75,18.6,0.0,103.0,14.2,97.0,87.99999999999999,,,9.000000000000014,0.0,,,,32,0.0
dried debris,67.5,0.0186046261988786,0.55,0.25,0.0,0.75,18.6,1.0,142.0,13.9,136.0,85.0,813.0,458.0,51.0,0.4020618556701031,,,,32,1.06
,67.5,0.0186046261988786,0.55,0.25,0.0,0.75,18.6,2.0,149.0,13.8,143.0,84.0,814.0,459.0,59.0,0.4742268041237113,,,,32,2.12
,67.5,0.0186046261988786,0.55,0.25,0.0,0.75,18.6,3.0,156.0,12.9,150.0,75.0,815.0,460.0,75.0,0.5463917525773195,,,,32,3.18
,67.5,0.0186046261988786,0.55,0.25,0.0,0.75,18.6,4.0,161.0,12.9,155.0,75.0,817.0,462.0,80.0,0.5979381443298969,0.5979381443298969,86,95,32,4.24
N3_R_2P_F0.55_h0.9_0P25C75L_0HR_R1_4L_0HW_67.5Deg,67.5,0.0186046261988786,0.55,0.0,0.25,0.75,18.6,0.0,103.0,14.2,97.0,87.99999999999999,,,9.000000000000014,0.0,,,,33,0.0
dried debris,67.5,0.0186046261988786,0.55,0.0,0.25,0.75,18.6,1.0,124.0,13.8,118.0,84.0,818.0,463.0,34.0,0.2164948453608247,,,,33,1.06
,67.5,0.0186046261988786,0.55,0.0,0.25,0.75,18.6,2.0,144.0,13.5,138.0,81.0,819.0,464.0,57.0,0.422680412371134,,,,33,2.12
N3_R_2P_F0.55_h0.9_25P0C75L_0HR_R1_4L_0HW_67.5Deg,67.5,0.0186046261988786,0.55,0.25,0.0,0.75,18.6,0.0,103.0,14.2,97.0,87.99999999999999,,,9.000000000000014,0.0,,,,34,0.0
dried debris,67.5,0.0186046261988786,0.55,0.25,0.0,0.75,18.6,1.0,137.0,13.8,131.0,84.0,823.0,467.0,47.0,0.3505154639175257,,,,34,1.06
,67.5,0.0186046261988786,0.55,0.25,0.0,0.75,18.6,2.0,144.0,13.4,138.0,80.0,824.0,468.0,58.0,0.422680412371134,,,,34,2.12
,67.5,0.0186046261988786,0.55,0.25,0.0,0.75,18.6,3.0,153.0,13.6,147.0,82.0,825.0,469.0,65.0,0.5154639175257731,,,,34,3.18
,67.5,0.0186046261988786,0.55,0.25,0.0,0.75,18.6,4.0,170.0,13.5,164.0,81.0,826.0,470.0,83.0,0.6907216494845361,0.6907216494845361,82,100,34,4.24
N3_R_2P_F0.55_h0.9_0P25C75L_0HR_R1_4L_0HW_67.5Deg,67.5,0.0186046261988786,0.55,0.0,0.25,0.75,18.6,0.0,103.0,14.2,97.0,87.99999999999999,,,9.000000000000014,0.0,,,,35,0.0
dried debris,67.5,0.0186046261988786,0.55,0.0,0.25,0.75,18.6,1.0,126.0,13.5,120.0,81.0,827.0,471.0,39.0,0.2371134020618556,,,,35,1.06
,67.5,0.0186046261988786,0.55,0.0,0.25,0.75,18.6,2.0,146.0,13.3,140.0,79.0,828.0,472.0,61.0,0.4432989690721649,,,,35,2.12
,67.5,0.0186046261988786,0.55,0.0,0.25,0.75,18.6,3.0,147.0,13.0,141.0,76.0,829.0,473.0,65.0,0.4536082474226804,,,,35,3.18
,67.5,0.0186046261988786,0.55,0.0,0.25,0.75,18.6,4.0,149.0,12.8,143.0,74.0,830.0,474.0,69.0,0.4742268041237113,0.4742268041237113,82,85,35,4.24
N3_R_2P_F0.55_h0.9_25P0C75L_0HR_R1_4L_0HW_67.5Deg,67.5,0.0186046261988786,0.55,0.25,0.0,0.75,18.6,0.0,103.0,14.2,97.0,87.99999999999999,,,9.000000000000014,0.0,,,,36,0.0
dried debris,67.5,0.0186046261988786,0.55,0.25,0.0,0.75,18.6,1.0,130.0,13.8,124.0,84.0,831.0,475.0,40.0,0.2783505154639175,,,,36,1.06
,67.5,0.0186046261988786,0.55,0.25,0.0,0.75,18.6,2.0,140.0,13.5,134.0,81.0,832.0,476.0,53.0,0.3814432989690721,,,,36,2.12
,67.5,0.0186046261988786,0.55,0.25,0.0,0.75,18.6,3.0,158.0,13.5,152.0,81.0,833.0,477.0,71.0,0.5670103092783505,,,,36,3.18
,67.5,0.0186046261988786,0.55,0.25,0.0,0.75,18.6,4.0,163.0,13.5,157.0,81.0,834.0,478.0,76.0,0.6185567010309279,0.6185567010309279,80,100,36,4.24
N3_R_2P_F0.55_h0.9_0P0C100L_0HR_R1_4L_0HW_67.5Deg,67.5,0.0186046261988786,0.55,0.0,0.0,1.0,18.6,0.0,103.0,14.2,97.0,87.99999999999999,,,9.000000000000014,0.0,,,,37,0.0
dried debris,67.5,0.0186046261988786,0.55,0.0,0.0,1.0,18.6,1.0,127.0,13.8,121.0,84.0,835.0,479.0,37.0,0.2474226804123711,,,,37,1.06
,67.5,0.0186046261988786,0.55,0.0,0.0,1.0,18.6,2.0,149.0,13.8,143.0,84.0,836.0,480.0,59.0,0.4742268041237113,,,,37,2.12
,67.5,0.0186046261988786,0.55,0.0,0.0,1.0,18.6,3.0,164.0,13.8,158.0,84.0,837.0,481.0,74.0,0.6288659793814433,,,,37,3.18
,67.5,0.0186046261988786,0.55,0.0,0.0,1.0,18.6,4.0,168.0,13.5,162.0,81.0,838.0,482.0,81.0,0.6701030927835051,0.6701030927835051,92,100,37,4.24
N3_R_2P_F0.55_h0.9_0P0C100L_0HR_R1_4L_0HW_67.5Deg,67.5,0.0186046261988786,0.55,0.0,0.0,1.0,18.6,0.0,103.0,13.8,97.0,84.0,,,13.0,0.0,,,,38,0.0
dried debris,67.5,0.0186046261988786,0.55,0.0,0.0,1.0,18.6,1.0,129.0,13.8,123.0,84.0,840.0,484.0,39.0,0.268041237113402,,,,38,1.06
,67.5,0.0186046261988786,0.55,0.0,0.0,1.0,18.6,2.0,138.0,13.8,132.0,84.0,841.0,485.0,48.0,0.3608247422680412,,,,38,2.12
,67.5,0.0186046261988786,0.55,0.0,0.0,1.0,18.6,3.0,143.0,13.8,137.0,84.0,842.0,486.0,53.0,0.4123711340206185,,,,38,3.18
,67.5,0.0186046261988786,0.55,0.0,0.0,1.0,18.6,4.0,145.0,13.5,139.0,81.0,843.0,487.0,58.0,0.4329896907216495,0.4329896907216495,100,112,38,4.24
N3_R_2P_F0.55_h0.9_0P0C100L_0HR_R1_4L_0HW_67.5Deg,67.5,0.0186046261988786,0.55,0.0,0.0,1.0,18.6,0.0,103.0,13.8,97.0,84.0,,,13.0,0.0,,,,39,0.0
dried debris,67.5,0.0186046261988786,0.55,0.0,0.0,1.0,18.6,1.0,132.0,13.8,126.0,84.0,844.0,488.0,42.0,0.2989690721649484,,,,39,1.06
,67.5,0.0186046261988786,0.55,0.0,0.0,1.0,18.6,2.0,148.0,13.8,142.0,84.0,845.0,489.0,58.0,0.4639175257731959,,,,39,2.12
,67.5,0.0186046261988786,0.55,0.0,0.0,1.0,18.6,3.0,150.0,13.8,144.0,84.0,846.0,490.0,60.0,0.4845360824742268,,,,39,3.18
,67.5,0.0186046261988786,0.55,0.0,0.0,1.0,18.6,4.0,153.0,13.5,147.0,81.0,847.0,491.0,66.0,0.5154639175257731,0.5154639175257731,90,120,39,4.24
N3_R_2P_F0.28_h0.9_25P0C75L_0HR_R1_4L_0HW_67.5Deg,67.5,0.0094714460648836,0.28,0.25,0.0,0.75,9.5,0.0,97.0,14.2,91.0,87.99999999999999,,,3.000000000000014,0.0,,,,40,0.0
dried debris,67.5,0.0094714460648836,0.28,0.25,0.0,0.75,9.5,1.0,100.0,14.2,94.0,87.99999999999999,848.0,492.0,6.000000000000014,0.0329670329670329,,,,40,1.06
,67.5,0.0094714460648836,0.28,0.25,0.0,0.75,9.5,2.0,104.0,14.2,98.0,87.99999999999999,849.0,493.0,10.000000000000014,0.0769230769230769,,,,40,2.12
,67.5,0.0094714460648836,0.28,0.25,0.0,0.75,9.5,3.0,106.0,14.2,100.0,87.99999999999999,850.0,494.0,12.000000000000014,0.0989010989010989,,,,40,3.18
,67.5,0.0094714460648836,0.28,0.25,0.0,0.75,9.5,4.0,112.0,14.2,106.0,87.99999999999999,851.0,495.0,18.000000000000014,0.1648351648351648,0.1648351648351648,95,105,40,4.24
N3_R_2P_F0.28_h0.9_0P25C75L_0HR_R1_4L_0HW_67.5Deg,67.5,0.0094714460648836,0.28,0.0,0.25,0.75,9.5,0.0,97.0,14.2,91.0,87.99999999999999,,,3.000000000000014,0.0,,,,41,0.0
dried debris,67.5,0.0094714460648836,0.28,0.0,0.25,0.75,9.5,1.0,101.0,14.2,95.0,87.99999999999999,852.0,496.0,7.000000000000014,0.0439560439560439,,,,41,1.06
,67.5,0.0094714460648836,0.28,0.0,0.25,0.75,9.5,2.0,103.0,14.2,97.0,87.99999999999999,853.0,497.0,9.000000000000014,0.0659340659340659,,,,41,2.12
,67.5,0.0094714460648836,0.28,0.0,0.25,0.75,9.5,3.0,104.0,14.2,98.0,87.99999999999999,854.0,498.0,10.000000000000014,0.0769230769230769,,,,41,3.18
,67.5,0.0094714460648836,0.28,0.0,0.25,0.75,9.5,4.0,105.0,14.2,99.0,87.99999999999999,855.0,499.0,11.000000000000014,0.0879120879120879,0.0879120879120879,x,x,41,4.24
N3_R_2P_F0.28_h0.9_0P0C100L_0HR_R1_4L_0HW_67.5Deg,67.5,0.0094714460648836,0.28,0.0,0.0,1.0,9.5,0.0,97.0,14.2,91.0,87.99999999999999,,,3.000000000000014,0.0,,,,42,0.0
dried debris,67.5,0.0094714460648836,0.28,0.0,0.0,1.0,9.5,1.0,100.0,14.2,94.0,87.99999999999999,856.0,,6.000000000000014,0.0329670329670329,,,,42,1.06
,67.5,0.0094714460648836,0.28,0.0,0.0,1.0,9.5,2.0,102.0,14.2,96.0,87.99999999999999,857.0,500.0,8.000000000000014,0.0549450549450549,,,,42,2.12
,67.5,0.0094714460648836,0.28,0.0,0.0,1.0,9.5,3.0,103.0,14.2,97.0,87.99999999999999,858.0,501.0,9.000000000000014,0.0659340659340659,,,,42,3.18
,67.5,0.0094714460648836,0.28,0.0,0.0,1.0,9.5,4.0,105.0,14.2,99.0,87.99999999999999,,502.0,11.000000000000014,0.0879120879120879,0.0879120879120879,128,130,42,4.24
N3_R_2P_F0.4_h0.9_0P25C75L_0HR_R1_4L_0HW_67.5Deg,67.5,0.013530637235548,0.4,0.0,0.25,0.75,13.5,0.0,98.0,14.0,92.0,86.0,,,6.0,0.0,,,,43,0.0
dried debris,67.5,0.013530637235548,0.4,0.0,0.25,0.75,13.5,1.0,103.0,13.9,97.0,85.0,859.0,503.0,12.0,0.0543478260869565,,,,43,1.06
,67.5,0.013530637235548,0.4,0.0,0.25,0.75,13.5,2.0,110.0,13.8,104.0,84.0,860.0,504.0,20.0,0.1304347826086956,,,,43,2.12
,67.5,0.013530637235548,0.4,0.0,0.25,0.75,13.5,3.0,114.0,13.8,108.0,84.0,861.0,505.0,24.0,0.1739130434782608,,,,43,3.18
,67.5,0.013530637235548,0.4,0.0,0.25,0.75,13.5,4.0,124.0,13.5,118.0,81.0,862.0,506.0,37.0,0.2826086956521739,0.2826086956521739,87,98,43,4.24
N3_R_2P_F0.4_h0.9_25P0C75L_0HR_R1_4L_0HW_67.5Deg,67.5,0.013530637235548,0.4,0.25,0.0,0.75,13.5,0.0,98.0,14.0,92.0,86.0,,,6.0,0.0,,,,44,0.0
dried debris,67.5,0.013530637235548,0.4,0.25,0.0,0.75,13.5,1.0,114.0,13.6,108.0,82.0,863.0,507.0,26.0,0.1739130434782608,,,,44,1.06
,67.5,0.013530637235548,0.4,0.25,0.0,0.75,13.5,2.0,123.0,13.6,117.0,82.0,864.0,508.0,35.0,0.2717391304347826,,,,44,2.12
,67.5,0.013530637235548,0.4,0.25,0.0,0.75,13.5,3.0,124.0,13.6,118.0,82.0,865.0,509.0,36.0,0.2826086956521739,,,,44,3.18
,67.5,0.013530637235548,0.4,0.25,0.0,0.75,13.5,4.0,135.0,13.5,129.0,81.0,866.0,510.0,48.0,0.4021739130434782,0.4021739130434782,90,108,44,4.24
N3_R_2P_F0.4_h0.9_0P25C75L_0HR_R1_4L_0HW_67.5Deg,67.5,0.013530637235548,0.4,0.0,0.25,0.75,13.5,0.0,98.0,14.0,92.0,86.0,,,6.0,0.0,,,,45,0.0
dried debris,67.5,0.013530637235548,0.4,0.0,0.25,0.75,13.5,1.0,104.0,14.0,98.0,86.0,867.0,511.0,12.0,0.0652173913043478,,,,45,1.06
,67.5,0.013530637235548,0.4,0.0,0.25,0.75,13.5,2.0,115.0,13.7,109.0,82.99999999999999,868.0,512.0,26.00000000000001,0.1847826086956521,,,,45,2.12
,67.5,0.013530637235548,0.4,0.0,0.25,0.75,13.5,3.0,117.0,13.7,111.0,82.99999999999999,869.0,513.0,28.00000000000001,0.2065217391304347,,,,45,3.18
,67.5,0.013530637235548,0.4,0.0,0.25,0.75,13.5,4.0,123.0,13.6,117.0,82.0,870.0,514.0,35.0,0.2717391304347826,0.2717391304347826,x,x,45,4.24
N3_R_2P_F0.4_h0.9_25P0C75L_0HR_R1_4L_0HW_67.5Deg,67.5,0.013530637235548,0.4,0.25,0.0,0.75,13.5,0.0,98.0,14.0,92.0,86.0,,,6.0,0.0,,,,46,0.0
dried debris,67.5,0.013530637235548,0.4,0.25,0.0,0.75,13.5,1.0,116.0,14.0,110.0,86.0,871.0,515.0,24.0,0.1956521739130435,,,,46,1.06
,67.5,0.013530637235548,0.4,0.25,0.0,0.75,13.5,2.0,119.0,13.5,113.0,81.0,872.0,516.0,32.0,0.2282608695652173,,,,46,2.12
,67.5,0.013530637235548,0.4,0.25,0.0,0.75,13.5,3.0,124.0,13.3,118.0,79.0,873.0,517.0,39.0,0.2826086956521739,,,,46,3.18
,67.5,0.013530637235548,0.4,0.25,0.0,0.75,13.5,4.0,127.0,13.3,121.0,79.0,874.0,518.0,42.0,0.3152173913043478,0.3152173913043478,86,97,46,4.24
N3_R_2P_F0.4_h0.9_25P0C75L_0HR_R1_4L_0HW_67.5Deg,67.5,0.013530637235548,0.4,0.25,0.0,0.75,13.5,0.0,98.0,14.0,92.0,86.0,,,6.0,0.0,,,,47,0.0
dried debris,67.5,0.013530637235548,0.4,0.25,0.0,0.75,13.5,1.0,116.0,13.7,110.0,82.99999999999999,875.0,519.0,27.00000000000001,0.1956521739130435,,,,47,1.06
,67.5,0.013530637235548,0.4,0.25,0.0,0.75,13.5,2.0,120.0,13.5,114.0,81.0,876.0,520.0,33.0,0.2391304347826087,,,,47,2.12
,67.5,0.013530637235548,0.4,0.25,0.0,0.75,13.5,3.0,120.0,13.3,114.0,79.0,877.0,521.0,35.0,0.2391304347826087,,,,47,3.18
,67.5,0.013530637235548,0.4,0.25,0.0,0.75,13.5,4.0,131.0,13.3,125.0,79.0,878.0,522.0,46.0,0.358695652173913,0.358695652173913,88,99,47,4.24
N3_R_2P_F0.4_h0.9_0P0C100L_0HR_R1_4L_0HW_67.5Deg,67.5,0.013530637235548,0.4,0.0,0.0,1.0,13.5,0.0,98.0,14.0,92.0,86.0,,,6.0,0.0,,,,48,0.0
dried debris,67.5,0.013530637235548,0.4,0.0,0.0,1.0,13.5,1.0,103.0,13.7,97.0,82.99999999999999,879.0,523.0,14.000000000000014,0.0543478260869565,,,,48,1.06
,67.5,0.013530637235548,0.4,0.0,0.0,1.0,13.5,2.0,103.0,13.5,97.0,81.0,880.0,524.0,16.0,0.0543478260869565,,,,48,2.12
,67.5,0.013530637235548,0.4,0.0,0.0,1.0,13.5,3.0,126.0,13.3,120.0,79.0,881.0,525.0,41.0,0.3043478260869565,,,,48,3.18
,67.5,0.013530637235548,0.4,0.0,0.0,1.0,13.5,4.0,131.0,13.3,125.0,79.0,882.0,526.0,46.0,0.358695652173913,0.358695652173913,93,107,48,4.24
N3_R_2P_F0.4_h0.9_0P0C100L_0HR_R1_4L_0HW_67.5Deg,67.5,0.013530637235548,0.4,0.0,0.0,1.0,13.5,0.0,98.0,14.0,92.0,86.0,,,6.0,0.0,,,,49,0.0
dried debris,67.5,0.013530637235548,0.4,0.0,0.0,1.0,13.5,1.0,111.0,13.7,105.0,82.99999999999999,883.0,527.0,22.00000000000001,0.1413043478260869,,,,49,1.06
,67.5,0.013530637235548,0.4,0.0,0.0,1.0,13.5,2.0,116.0,13.5,110.0,81.0,884.0,528.0,29.0,0.1956521739130435,,,,49,2.12
,67.5,0.013530637235548,0.4,0.0,0.0,1.0,13.5,3.0,125.0,13.3,119.0,79.0,885.0,529.0,40.0,0.2934782608695652,,,,49,3.18
,67.5,0.013530637235548,0.4,0.0,0.0,1.0,13.5,4.0,130.0,13.3,124.0,79.0,886.0,530.0,45.0,0.3478260869565217,0.3478260869565217,94,113,49,4.24
N3_R_2P_F0.48_h0.9_25P0C75L_0HR_R1_4L_0HW_67.5Deg,67.5,0.0162367646826576,0.48,0.25,0.0,0.75,16.2,0.0,100.0,13.8,94.0,84.0,,,10.0,0.0,,,,50,0.0
dried debris,67.5,0.0162367646826576,0.48,0.25,0.0,0.75,16.2,1.0,123.0,13.8,117.0,84.0,887.0,531.0,33.0,0.2446808510638297,,,,50,1.06
,67.5,0.0162367646826576,0.48,0.25,0.0,0.75,16.2,2.0,130.0,13.5,124.0,81.0,888.0,532.0,43.0,0.3191489361702128,,,,50,2.12
,67.5,0.0162367646826576,0.48,0.25,0.0,0.75,16.2,3.0,145.0,13.3,139.0,79.0,889.0,533.0,60.0,0.4787234042553192,,,,50,3.18
,67.5,0.0162367646826576,0.48,0.25,0.0,0.75,16.2,4.0,147.0,13.3,141.0,79.0,890.0,534.0,62.0,0.5,0.5,103,115,50,4.24
N3_R_2P_F0.48_h0.9_0P25C75L_0HR_R1_4L_0HW_67.5Deg,67.5,0.0162367646826576,0.48,0.0,0.25,0.75,16.2,0.0,100.0,13.8,94.0,84.0,,,10.0,0.0,,,,51,0.0
dried debris,67.5,0.0162367646826576,0.48,0.0,0.25,0.75,16.2,1.0,125.0,13.6,119.0,82.0,891.0,535.0,37.0,0.2659574468085106,,,,51,1.06
,67.5,0.0162367646826576,0.48,0.0,0.25,0.75,16.2,2.0,128.0,13.5,122.0,81.0,892.0,536.0,41.0,0.2978723404255319,,,,51,2.12
,67.5,0.0162367646826576,0.48,0.0,0.25,0.75,16.2,3.0,135.0,13.0,129.0,76.0,893.0,537.0,53.0,0.3723404255319149,,,,51,3.18
,67.5,0.0162367646826576,0.48,0.0,0.25,0.75,16.2,4.0,137.0,13.0,131.0,76.0,894.0,538.0,55.0,0.3936170212765957,0.3936170212765957,90,95,51,4.24
N3_R_2P_F0.48_h0.9_25P0C75L_0HR_R1_4L_0HW_67.5Deg,67.5,0.0162367646826576,0.48,0.25,0.0,0.75,16.2,0.0,100.0,13.8,94.0,84.0,,,10.0,0.0,,,,52,0.0
dried debris,67.5,0.0162367646826576,0.48,0.25,0.0,0.75,16.2,1.0,130.0,13.1,124.0,77.0,895.0,539.0,47.0,0.3191489361702128,,,,52,1.06
,67.5,0.0162367646826576,0.48,0.25,0.0,0.75,16.2,2.0,138.0,13.1,132.0,77.0,896.0,540.0,55.0,0.4042553191489361,,,,52,2.12
,67.5,0.0162367646826576,0.48,0.25,0.0,0.75,16.2,3.0,143.0,13.1,137.0,77.0,897.0,541.0,60.0,0.4574468085106383,,,,52,3.18
,67.5,0.0162367646826576,0.48,0.25,0.0,0.75,16.2,4.0,147.0,13.1,141.0,77.0,898.0,542.0,64.0,0.5,0.5,88,100,52,4.24
N3_R_2P_F0.48_h0.9_0P25C75L_0HR_R1_4L_0HW_67.5Deg,67.5,0.0162367646826576,0.48,0.0,0.25,0.75,16.2,0.0,100.0,13.8,94.0,84.0,,,10.0,0.0,,,,53,0.0
dried debris,67.5,0.0162367646826576,0.48,0.0,0.25,0.75,16.2,1.0,123.0,13.8,117.0,84.0,899.0,543.0,33.0,0.2446808510638297,,,,53,1.06
,67.5,0.0162367646826576,0.48,0.0,0.25,0.75,16.2,2.0,128.0,13.5,122.0,81.0,900.0,544.0,41.0,0.2978723404255319,,,,53,2.12
,67.5,0.0162367646826576,0.48,0.0,0.25,0.75,16.2,3.0,138.0,13.2,132.0,77.99999999999999,901.0,545.0,54.000000000000014,0.4042553191489361,,,,53,3.18
,67.5,0.0162367646826576,0.48,0.0,0.25,0.75,16.2,4.0,142.0,13.2,136.0,77.99999999999999,902.0,546.0,58.000000000000014,0.4468085106382978,0.4468085106382978,87,102,53,4.24
N3_R_2P_F0.48_h0.9_0P0C100L_0HR_R1_4L_0HW_67.5Deg,67.5,0.0162367646826576,0.48,0.0,0.0,1.0,16.2,0.0,100.0,13.8,94.0,84.0,,,10.0,0.0,,,,54,0.0
dried debris,67.5,0.0162367646826576,0.48,0.0,0.0,1.0,16.2,1.0,120.0,13.6,114.0,82.0,903.0,547.0,32.0,0.2127659574468085,,,,54,1.06
,67.5,0.0162367646826576,0.48,0.0,0.0,1.0,16.2,2.0,134.0,13.5,128.0,81.0,904.0,548.0,47.0,0.3617021276595745,,,,54,2.12
,67.5,0.0162367646826576,0.48,0.0,0.0,1.0,16.2,3.0,147.0,13.6,141.0,82.0,905.0,549.0,59.0,0.5,,,,54,3.18
,67.5,0.0162367646826576,0.48,0.0,0.0,1.0,16.2,4.0,153.0,13.6,147.0,82.0,,,65.0,0.5638297872340425,0.5638297872340425,96,113,54,4.24
N3_R_2P_F0.48_h0.9_0P0C100L_0HR_R1_4L_0HW_67.5Deg,67.5,0.0162367646826576,0.48,0.0,0.0,1.0,16.2,0.0,100.0,13.8,94.0,84.0,,,10.0,0.0,,,,55,0.0
dried debris,67.5,0.0162367646826576,0.48,0.0,0.0,1.0,16.2,1.0,118.0,13.7,112.0,82.99999999999999,906.0,550.0,29.00000000000001,0.1914893617021276,,,,55,1.06
,67.5,0.0162367646826576,0.48,0.0,0.0,1.0,16.2,2.0,132.0,13.6,126.0,82.0,907.0,551.0,44.0,0.3404255319148936,,,,55,2.12
,67.5,0.0162367646826576,0.48,0.0,0.0,1.0,16.2,3.0,140.0,13.6,134.0,82.0,908.0,552.0,52.0,0.425531914893617,,,,55,3.18
,67.5,0.0162367646826576,0.48,0.0,0.0,1.0,16.2,4.0,142.0,13.5,136.0,81.0,909.0,553.0,55.0,0.4468085106382978,0.4468085106382978,112,125,55,4.24
N3_R_2P_F0.48_h0.9_0P0C100L_0HR_R1_4L_0HW_67.5Deg,67.5,0.0162367646826576,0.48,0.0,0.0,1.0,16.2,0.0,100.0,13.8,94.0,84.0,,,10.0,0.0,,,,56,0.0
dried debris,67.5,0.0162367646826576,0.48,0.0,0.0,1.0,16.2,1.0,121.0,13.4,115.0,80.0,910.0,554.0,35.0,0.2234042553191489,,,,56,1.06
,67.5,0.0162367646826576,0.48,0.0,0.0,1.0,16.2,2.0,132.0,13.4,126.0,80.0,911.0,555.0,46.0,0.3404255319148936,,,,56,2.12
,67.5,0.0162367646826576,0.48,0.0,0.0,1.0,16.2,3.0,140.0,13.4,134.0,80.0,912.0,556.0,54.0,0.425531914893617,,,,56,3.18
N3_R_2P_F0.55_h0.9_0P25C75L_0HR_R1_4L_0HW_0Deg,0.0,0.0186046261988786,0.55,0.0,0.25,0.75,18.6,0.0,104.5,13.7,98.5,82.99999999999999,,,15.500000000000014,0.0,,,,57,0.0
dried debris,0.0,0.0186046261988786,0.55,0.0,0.25,0.75,18.6,1.0,146.0,13.7,140.0,82.99999999999999,914.0,558.0,57.000000000000014,0.4213197969543147,,,,57,1.06
,0.0,0.0186046261988786,0.55,0.0,0.25,0.75,18.6,2.0,152.5,13.7,146.5,82.99999999999999,915.0,559.0,63.500000000000014,0.4873096446700508,,,,57,2.12
,0.0,0.0186046261988786,0.55,0.0,0.25,0.75,18.6,3.0,170.0,13.7,164.0,82.99999999999999,916.0,560.0,81.00000000000001,0.6649746192893401,,,,57,3.18
,0.0,0.0186046261988786,0.55,0.0,0.25,0.75,18.6,4.0,171.0,13.6,165.0,82.0,917.0,561.0,83.0,0.6751269035532995,0.6751269035532995,45,68,57,4.24
N3_R_2P_F0.55_h0.9_25P0C75L_0HR_R1_4L_0HW_0Deg,0.0,0.0186046261988786,0.55,0.25,0.0,0.75,18.6,0.0,104.5,13.7,98.5,82.99999999999999,,,15.500000000000014,0.0,,,,58,0.0
dried debris,0.0,0.0186046261988786,0.55,0.25,0.0,0.75,18.6,1.0,144.0,13.6,138.0,82.0,918.0,562.0,56.0,0.4010152284263959,,,,58,1.06
,0.0,0.0186046261988786,0.55,0.25,0.0,0.75,18.6,2.0,160.0,13.0,154.0,76.0,919.0,563.0,78.0,0.5634517766497462,,,,58,2.12
,0.0,0.0186046261988786,0.55,0.25,0.0,0.75,18.6,3.0,172.0,10.0,166.0,46.0,920.0,564.0,120.0,0.6852791878172588,,,,58,3.18
,0.0,0.0186046261988786,0.55,0.25,0.0,0.75,18.6,4.0,177.0,13.4,171.0,80.0,921.0,565.0,91.0,0.7360406091370558,0.7360406091370558,48,58,58,4.24
N3_R_2P_F0.55_h0.9_0P25C75L_0HR_R1_4L_0HW_0Deg,0.0,0.0186046261988786,0.55,0.0,0.25,0.75,18.6,0.0,104.5,13.7,98.5,82.99999999999999,,,15.500000000000014,0.0,,,,59,0.0
dried debris,0.0,0.0186046261988786,0.55,0.0,0.25,0.75,18.6,1.0,137.0,13.8,131.0,84.0,922.0,566.0,47.0,0.3299492385786802,,,,59,1.06
,0.0,0.0186046261988786,0.55,0.0,0.25,0.75,18.6,2.0,153.0,13.6,147.0,82.0,923.0,567.0,65.0,0.4923857868020304,,,,59,2.12
,0.0,0.0186046261988786,0.55,0.0,0.25,0.75,18.6,3.0,160.0,13.5,154.0,81.0,924.0,568.0,73.0,0.5634517766497462,,,,59,3.18
,0.0,0.0186046261988786,0.55,0.0,0.25,0.75,18.6,4.0,163.0,13.5,157.0,81.0,925.0,569.0,76.0,0.5939086294416244,0.5939086294416244,44,67,59,4.24
N3_R_2P_F0.55_h0.9_25P0C75L_0HR_R1_4L_0HW_0Deg,0.0,0.0186046261988786,0.55,0.25,0.0,0.75,18.6,0.0,104.5,13.7,98.5,82.99999999999999,,,15.500000000000014,0.0,,,,60,0.0
dried debris,0.0,0.0186046261988786,0.55,0.25,0.0,0.75,18.6,1.0,153.0,13.8,147.0,84.0,926.0,570.0,63.0,0.4923857868020304,,,,60,1.06
,0.0,0.0186046261988786,0.55,0.25,0.0,0.75,18.6,2.0,172.0,13.2,166.0,77.99999999999999,927.0,571.0,88.00000000000001,0.6852791878172588,,,,60,2.12
,0.0,0.0186046261988786,0.55,0.25,0.0,0.75,18.6,3.0,175.0,13.3,169.0,79.0,928.0,572.0,90.0,0.7157360406091371,,,,60,3.18
,0.0,0.0186046261988786,0.55,0.25,0.0,0.75,18.6,4.0,176.0,13.3,170.0,79.0,929.0,573.0,91.0,0.7258883248730964,0.7258883248730964,53,68,60,4.24
N3_R_2P_F0.55_h0.9_0P25C75L_0HR_R1_4L_0HW_0Deg,0.0,0.0186046261988786,0.55,0.0,0.25,0.75,18.6,0.0,104.5,13.8,98.5,84.0,,,14.5,0.0,,,,61,0.0
dried debris,0.0,0.0186046261988786,0.55,0.0,0.25,0.75,18.6,1.0,140.0,13.9,134.0,85.0,930.0,574.0,49.0,0.3604060913705584,,,,61,1.06
,0.0,0.0186046261988786,0.55,0.0,0.25,0.75,18.6,2.0,156.0,13.6,150.0,82.0,931.0,575.0,68.0,0.5228426395939086,,,,61,2.12
,0.0,0.0186046261988786,0.55,0.0,0.25,0.75,18.6,3.0,172.0,13.2,166.0,77.99999999999999,932.0,576.0,88.00000000000001,0.6852791878172588,,,,61,3.18
,0.0,0.0186046261988786,0.55,0.0,0.25,0.75,18.6,4.0,173.0,13.2,167.0,77.99999999999999,933.0,577.0,89.00000000000001,0.6954314720812182,0.6954314720812182,39,43,61,4.24
N3_R_2P_F0.55_h0.9_0P0C100L_0HR_R1_4L_0HW_0Deg,0.0,0.0186046261988786,0.55,0.0,0.0,1.0,18.6,0.0,104.5,13.7,98.5,82.99999999999999,,,15.500000000000014,0.0,,,,62,0.0
dried debris,0.0,0.0186046261988786,0.55,0.0,0.0,1.0,18.6,1.0,142.0,13.9,136.0,85.0,934.0,578.0,51.0,0.3807106598984771,,,,62,1.06
,0.0,0.0186046261988786,0.55,0.0,0.0,1.0,18.6,2.0,168.0,13.6,162.0,82.0,935.0,579.0,80.0,0.6446700507614214,,,,62,2.12
,0.0,0.0186046261988786,0.55,0.0,0.0,1.0,18.6,3.0,169.0,13.4,163.0,80.0,936.0,580.0,83.0,0.6548223350253807,,,,62,3.18
,0.0,0.0186046261988786,0.55,0.0,0.0,1.0,18.6,4.0,170.0,13.3,164.0,79.0,937.0,581.0,85.0,0.6649746192893401,0.6649746192893401,64,71,62,4.24
N3_R_2P_F0.55_h0.9_0P0C100L_0HR_R1_4L_0HW_0Deg,0.0,0.0186046261988786,0.55,0.0,0.0,1.0,18.6,0.0,104.5,13.8,98.5,84.0,,,14.5,0.0,,,,63,0.0
dried debris,0.0,0.0186046261988786,0.55,0.0,0.0,1.0,18.6,1.0,140.0,13.8,134.0,84.0,938.0,582.0,50.0,0.3604060913705584,,,,63,1.06
,0.0,0.0186046261988786,0.55,0.0,0.0,1.0,18.6,2.0,147.0,13.9,141.0,85.0,,,56.0,0.4314720812182741,,,,63,2.12
,0.0,0.0186046261988786,0.55,0.0,0.0,1.0,18.6,3.0,167.0,13.5,161.0,81.0,939.0,583.0,80.0,0.6345177664974619,,,,63,3.18
,0.0,0.0186046261988786,0.55,0.0,0.0,1.0,18.6,4.0,168.0,13.5,162.0,81.0,940.0,584.0,81.0,0.6446700507614214,0.6446700507614214,57,67,63,4.24
N3_R_2P_F0.48_h0.9_25P0C75L_0HR_R1_4L_0HW_0Deg,0.0,0.0162367646826576,0.48,0.25,0.0,0.75,16.2,0.0,103.0,14.0,97.0,86.0,,,11.0,0.0,,,,64,0.0
dried debris,0.0,0.0162367646826576,0.48,0.25,0.0,0.75,16.2,1.0,130.0,14.0,124.0,86.0,941.0,585.0,38.0,0.2783505154639175,,,,64,1.06
,0.0,0.0162367646826576,0.48,0.25,0.0,0.75,16.2,2.0,157.0,13.9,151.0,85.0,942.0,586.0,66.0,0.5567010309278351,,,,64,2.12
,0.0,0.0162367646826576,0.48,0.25,0.0,0.75,16.2,3.0,160.0,13.9,154.0,85.0,943.0,587.0,69.0,0.5876288659793815,,,,64,3.18
,0.0,0.0162367646826576,0.48,0.25,0.0,0.75,16.2,4.0,163.0,13.9,157.0,85.0,944.0,588.0,72.0,0.6185567010309279,0.6185567010309279,53,69,64,4.24
N3_R_2P_F0.48_h0.9_0P25C75L_0HR_R1_4L_0HW_0Deg,0.0,0.0162367646826576,0.48,0.0,0.25,0.75,16.2,0.0,103.0,14.1,97.0,87.0,,,10.0,0.0,,,,65,0.0
dried debris,0.0,0.0162367646826576,0.48,0.0,0.25,0.75,16.2,1.0,146.0,14.1,140.0,87.0,945.0,589.0,53.0,0.4432989690721649,,,,65,1.06
,0.0,0.0162367646826576,0.48,0.0,0.25,0.75,16.2,2.0,157.0,13.9,151.0,85.0,946.0,590.0,66.0,0.5567010309278351,,,,65,2.12
,0.0,0.0162367646826576,0.48,0.0,0.25,0.75,16.2,3.0,159.0,13.6,153.0,82.0,947.0,591.0,71.0,0.5773195876288659,,,,65,3.18
,0.0,0.0162367646826576,0.48,0.0,0.25,0.75,16.2,4.0,159.0,13.6,153.0,82.0,948.0,592.0,71.0,0.5773195876288659,0.5773195876288659,56,72,65,4.24
N3_R_2P_F0.48_h0.9_25P0C75L_0HR_R1_4L_0HW_0Deg,0.0,0.0162367646826576,0.48,0.25,0.0,0.75,16.2,0.0,103.0,14.1,97.0,87.0,,,10.0,0.0,,,,66,0.0
dried debris,0.0,0.0162367646826576,0.48,0.25,0.0,0.75,16.2,1.0,138.0,14.0,132.0,86.0,949.0,593.0,46.0,0.3608247422680412,,,,66,1.06
,0.0,0.0162367646826576,0.48,0.25,0.0,0.75,16.2,2.0,154.0,14.0,148.0,86.0,950.0,594.0,62.0,0.5257731958762887,,,,66,2.12
,0.0,0.0162367646826576,0.48,0.25,0.0,0.75,16.2,3.0,160.0,14.0,154.0,86.0,952.0,596.0,68.0,0.5876288659793815,,,,66,3.18
,0.0,0.0162367646826576,0.48,0.25,0.0,0.75,16.2,4.0,160.5,13.9,154.5,85.0,953.0,597.0,69.5,0.5927835051546392,0.5927835051546392,51,70,66,4.24
N3_R_2P_F0.48_h0.9_0P25C75L_0HR_R1_4L_0HW_0Deg,0.0,0.0162367646826576,0.48,0.0,0.25,0.75,16.2,0.0,102.5,13.9,96.5,85.0,,,11.5,0.0,,,,67,0.0
dried debris,0.0,0.0162367646826576,0.48,0.0,0.25,0.75,16.2,1.0,139.0,13.9,133.0,85.0,954.0,598.0,48.0,0.3782383419689119,,,,67,1.06
,0.0,0.0162367646826576,0.48,0.0,0.25,0.75,16.2,2.0,151.0,13.9,145.0,85.0,955.0,599.0,60.0,0.5025906735751295,,,,67,2.12
,0.0,0.0162367646826576,0.48,0.0,0.25,0.75,16.2,3.0,152.0,13.8,146.0,84.0,956.0,600.0,62.0,0.5129533678756477,,,,67,3.18
,0.0,0.0162367646826576,0.48,0.0,0.25,0.75,16.2,4.0,153.0,13.9,147.0,85.0,957.0,601.0,62.0,0.5233160621761658,0.5233160621761658,50,60,67,4.24
N3_R_2P_F0.48_h0.9_0P0C100L_0HR_R1_4L_0HW_0Deg,0.0,0.0162367646826576,0.48,0.0,0.0,1.0,16.2,0.0,102.5,13.9,96.5,85.0,,,11.5,0.0,,,,68,0.0
dried debris,0.0,0.0162367646826576,0.48,0.0,0.0,1.0,16.2,1.0,130.5,14.2,124.5,87.99999999999999,958.0,602.0,36.500000000000014,0.2901554404145077,,,,68,1.06
,0.0,0.0162367646826576,0.48,0.0,0.0,1.0,16.2,2.0,157.5,13.6,151.5,82.0,959.0,603.0,69.5,0.5699481865284974,,,,68,2.12
,0.0,0.0162367646826576,0.48,0.0,0.0,1.0,16.2,3.0,160.0,13.7,154.0,82.99999999999999,960.0,604.0,71.00000000000001,0.5958549222797928,,,,68,3.18
,0.0,0.0162367646826576,0.48,0.0,0.0,1.0,16.2,4.0,161.0,13.7,155.0,82.99999999999999,961.0,605.0,72.00000000000001,0.6062176165803109,0.6062176165803109,60,66,68,4.24
N3_R_2P_F0.48_h0.9_0P0C100L_0HR_R1_4L_0HW_0Deg,0.0,0.0162367646826576,0.48,0.0,0.0,1.0,16.2,0.0,102.5,13.9,96.5,85.0,,,11.5,0.0,,,,69,0.0
dried debris,0.0,0.0162367646826576,0.48,0.0,0.0,1.0,16.2,1.0,148.0,14.1,142.0,87.0,962.0,606.0,55.0,0.4715025906735751,,,,69,1.06
,0.0,0.0162367646826576,0.48,0.0,0.0,1.0,16.2,2.0,155.0,13.9,149.0,85.0,963.0,607.0,64.0,0.5440414507772021,,,,69,2.12
,0.0,0.0162367646826576,0.48,0.0,0.0,1.0,16.2,3.0,156.5,14.0,150.5,86.0,964.0,608.0,64.5,0.5595854922279793,,,,69,3.18
,0.0,0.0162367646826576,0.48,0.0,0.0,1.0,16.2,4.0,158.0,14.0,152.0,86.0,965.0,609.0,66.0,0.5751295336787565,0.5751295336787565,54,79,69,4.24
N3_R_2P_F0.4_h0.9_0P25C75L_0HR_R1_4L_0HW_0Deg,0.0,0.013530637235548,0.4,0.0,0.25,0.75,13.5,0.0,102.5,14.4,96.5,90.0,,,6.5,0.0,,,,70,0.0
dried debris,0.0,0.013530637235548,0.4,0.0,0.25,0.75,13.5,1.0,110.0,14.4,104.0,90.0,966.0,610.0,14.0,0.077720207253886,,,,70,1.06
,0.0,0.013530637235548,0.4,0.0,0.25,0.75,13.5,2.0,132.0,14.3,126.0,89.0,967.0,612.0,37.0,0.3056994818652849,,,,70,2.12
,0.0,0.013530637235548,0.4,0.0,0.25,0.75,13.5,3.0,138.0,14.2,132.0,87.99999999999999,968.0,613.0,44.000000000000014,0.3678756476683937,,,,70,3.18
,0.0,0.013530637235548,0.4,0.0,0.25,0.75,13.5,4.0,142.0,14.2,136.0,87.99999999999999,969.0,614.0,48.000000000000014,0.4093264248704663,0.4093264248704663,51,67,70,4.24
N3_R_2P_F0.4_h0.9_25P0C75L_0HR_R1_4L_0HW_0Deg,0.0,0.013530637235548,0.4,0.25,0.0,0.75,13.5,0.0,102.5,14.4,96.5,90.0,,,6.5,0.0,,,,71,0.0
dried debris,0.0,0.013530637235548,0.4,0.25,0.0,0.75,13.5,1.0,134.0,14.1,128.0,87.0,970.0,615.0,41.0,0.3264248704663212,,,,71,1.06
,0.0,0.013530637235548,0.4,0.25,0.0,0.75,13.5,2.0,141.0,14.1,135.0,87.0,971.0,616.0,48.0,0.3989637305699481,,,,71,2.12
,0.0,0.013530637235548,0.4,0.25,0.0,0.75,13.5,3.0,155.0,13.6,149.0,82.0,972.0,617.0,67.0,0.5440414507772021,,,,71,3.18
,0.0,0.013530637235548,0.4,0.25,0.0,0.75,13.5,4.0,157.0,13.7,151.0,82.99999999999999,973.0,618.0,68.00000000000001,0.5647668393782384,0.5647668393782384,64,74,71,4.24
N3_R_2P_F0.4_h0.9_0P25C75L_0HR_R1_4L_0HW_0Deg,0.0,0.013530637235548,0.4,0.0,0.25,0.75,13.5,0.0,103.0,14.4,97.0,90.0,,,7.0,0.0,,,,72,0.0
dried debris,0.0,0.013530637235548,0.4,0.0,0.25,0.75,13.5,1.0,128.0,14.3,122.0,89.0,974.0,619.0,33.0,0.2577319587628865,,,,72,1.06
,0.0,0.013530637235548,0.4,0.0,0.25,0.75,13.5,2.0,144.0,14.3,138.0,89.0,975.0,620.0,49.0,0.422680412371134,,,,72,2.12
,0.0,0.013530637235548,0.4,0.0,0.25,0.75,13.5,3.0,144.0,14.3,138.0,89.0,976.0,621.0,49.0,0.422680412371134,,,,72,3.18
,0.0,0.013530637235548,0.4,0.0,0.25,0.75,13.5,4.0,144.0,14.3,138.0,89.0,977.0,622.0,49.0,0.422680412371134,0.422680412371134,47,58,72,4.24
N3_R_2P_F0.4_h0.9_25P0C75L_0HR_R1_4L_0HW_0Deg,0.0,0.013530637235548,0.4,0.25,0.0,0.75,13.5,0.0,102.5,14.4,96.5,90.0,,,6.5,0.0,,,,73,0.0
dried debris,0.0,0.013530637235548,0.4,0.25,0.0,0.75,13.5,1.0,129.0,14.2,123.0,87.99999999999999,978.0,623.0,35.000000000000014,0.2746113989637305,,,,73,1.06
,0.0,0.013530637235548,0.4,0.25,0.0,0.75,13.5,2.0,132.0,14.2,126.0,87.99999999999999,979.0,624.0,38.000000000000014,0.3056994818652849,,,,73,2.12
,0.0,0.013530637235548,0.4,0.25,0.0,0.75,13.5,3.0,140.0,14.1,134.0,87.0,980.0,625.0,47.0,0.38860103626943,,,,73,3.18
,0.0,0.013530637235548,0.4,0.25,0.0,0.75,13.5,4.0,141.0,14.1,135.0,87.0,981.0,626.0,48.0,0.3989637305699481,0.3989637305699481,58,73,73,4.24
N3_R_2P_F0.4_h0.9_25P0C75L_0HR_R1_4L_0HW_0Deg,0.0,0.013530637235548,0.4,0.25,0.0,0.75,13.5,0.0,103.0,14.4,97.0,90.0,,,7.0,0.0,,,,74,0.0
dried debris,0.0,0.013530637235548,0.4,0.25,0.0,0.75,13.5,1.0,138.0,14.3,132.0,89.0,982.0,627.0,43.0,0.3608247422680412,,,,74,1.06
,0.0,0.013530637235548,0.4,0.25,0.0,0.75,13.5,2.0,141.0,14.3,135.0,89.0,983.0,628.0,46.0,0.3917525773195876,,,,74,2.12
,0.0,0.013530637235548,0.4,0.25,0.0,0.75,13.5,3.0,147.0,14.3,141.0,89.0,984.0,629.0,52.0,0.4536082474226804,,,,74,3.18
,0.0,0.013530637235548,0.4,0.25,0.0,0.75,13.5,4.0,146.0,14.3,140.0,89.0,985.0,630.0,51.0,0.4432989690721649,0.4432989690721649,66,88,74,4.24
N3_R_2P_F0.4_h0.9_0P0C100L_0HR_R1_4L_0HW_0Deg,0.0,0.013530637235548,0.4,0.0,0.0,1.0,13.5,0.0,99.0,14.4,93.0,90.0,,,3.0,0.0,,,,75,0.0
dried debris,0.0,0.013530637235548,0.4,0.0,0.0,1.0,13.5,1.0,114.0,14.2,108.0,87.99999999999999,986.0,631.0,20.00000000000001,0.1612903225806451,,,,75,1.06
,0.0,0.013530637235548,0.4,0.0,0.0,1.0,13.5,2.0,130.5,14.0,124.5,86.0,987.0,632.0,38.5,0.3387096774193548,,,,75,2.12
,0.0,0.013530637235548,0.4,0.0,0.0,1.0,13.5,3.0,133.5,14.0,127.5,86.0,988.0,633.0,41.5,0.3709677419354839,,,,75,3.18
,0.0,0.013530637235548,0.4,0.0,0.0,1.0,13.5,4.0,134.0,14.1,128.0,87.0,989.0,634.0,41.0,0.3763440860215054,0.3763440860215054,57,68,75,4.24
N3_R_2P_F0.4_h0.9_0P0C100L_0HR_R1_4L_0HW_0Deg,0.0,0.013530637235548,0.4,0.0,0.0,1.0,13.5,0.0,99.0,14.4,93.0,90.0,,,3.0,0.0,,,,76,0.0
dried debris,0.0,0.013530637235548,0.4,0.0,0.0,1.0,13.5,1.0,127.0,14.2,121.0,87.99999999999999,990.0,635.0,33.000000000000014,0.3010752688172043,,,,76,1.06
,0.0,0.013530637235548,0.4,0.0,0.0,1.0,13.5,2.0,135.0,14.2,129.0,87.99999999999999,991.0,636.0,41.000000000000014,0.3870967741935484,,,,76,2.12
,0.0,0.013530637235548,0.4,0.0,0.0,1.0,13.5,3.0,140.0,14.2,134.0,87.99999999999999,992.0,637.0,46.000000000000014,0.4408602150537634,,,,76,3.18
,0.0,0.013530637235548,0.4,0.0,0.0,1.0,13.5,4.0,143.0,14.2,137.0,87.99999999999999,993.0,638.0,49.000000000000014,0.4731182795698925,0.4731182795698925,58,67,76,4.24
N3_R_2P_F0.4_h0.9_0P0C100L_0HR_R1_4L_0HW_0Deg,0.0,0.013530637235548,0.4,0.0,0.0,1.0,13.5,0.0,99.0,14.4,93.0,90.0,,,3.0,0.0,,,,77,0.0
dried debris,0.0,0.013530637235548,0.4,0.0,0.0,1.0,13.5,1.0,120.0,14.3,114.0,89.0,994.0,639.0,25.0,0.2258064516129032,,,,77,1.06
,0.0,0.013530637235548,0.4,0.0,0.0,1.0,13.5,2.0,138.0,14.1,132.0,87.0,995.0,640.0,45.0,0.4193548387096774,,,,77,2.12
,0.0,0.013530637235548,0.4,0.0,0.0,1.0,13.5,3.0,139.0,14.1,133.0,87.0,996.0,641.0,46.0,0.4301075268817204,,,,77,3.18
,0.0,0.013530637235548,0.4,0.0,0.0,1.0,13.5,4.0,139.5,,133.5,-54.0,,,187.5,0.4354838709677419,0.4354838709677419,68,81,77,4.24
N3_R_2P_F0.28_h0.9_25P0C75L_0HR_R1_4L_0HW_0Deg,0.0,0.0094714460648836,0.28,0.25,0.0,0.75,9.5,0.0,96.0,14.4,90.0,90.0,,,0.0,0.0,,,,78,0.0
dried debris,0.0,0.0094714460648836,0.28,0.25,0.0,0.75,9.5,1.0,105.0,14.4,99.0,90.0,997.0,643.0,9.0,0.1,,,,78,1.06
,0.0,0.0094714460648836,0.28,0.25,0.0,0.75,9.5,2.0,113.0,14.3,107.0,89.0,998.0,644.0,18.0,0.1888888888888888,,,,78,2.12
,0.0,0.0094714460648836,0.28,0.25,0.0,0.75,9.5,3.0,114.0,14.3,108.0,89.0,999.0,645.0,19.0,0.2,,,,78,3.18
,0.0,0.0094714460648836,0.28,0.25,0.0,0.75,9.5,4.0,116.0,14.3,110.0,89.0,1000.0,646.0,21.0,0.2222222222222222,0.2222222222222222,65,80,78,4.24
N3_R_2P_F0.28_h0.9_0P25C75L_0HR_R1_4L_0HW_0Deg,0.0,0.0094714460648836,0.28,0.0,0.25,0.75,9.5,0.0,96.0,14.3,90.0,89.0,,,1.0,0.0,,,,79,0.0
dried debris,0.0,0.0094714460648836,0.28,0.0,0.25,0.75,9.5,1.0,100.0,14.3,94.0,89.0,1001.0,647.0,5.0,0.0444444444444444,,,,79,1.06
,0.0,0.0094714460648836,0.28,0.0,0.25,0.75,9.5,2.0,102.0,14.3,96.0,89.0,1002.0,648.0,7.0,0.0666666666666666,,,,79,2.12
,0.0,0.0094714460648836,0.28,0.0,0.25,0.75,9.5,3.0,103.0,14.3,97.0,89.0,1003.0,649.0,8.0,0.0777777777777777,,,,79,3.18
,0.0,0.0094714460648836,0.28,0.0,0.25,0.75,9.5,4.0,105.0,14.3,99.0,89.0,,,10.0,0.1,0.1,71,81,79,4.24
N3_R_2P_F0.28_h0.9_0P0C100L_0HR_R1_4L_0HW_0Deg,0.0,0.0094714460648836,0.28,0.0,0.0,1.0,9.5,0.0,97.0,14.3,91.0,89.0,,,2.0,0.0,,,,80,0.0
dried debris,0.0,0.0094714460648836,0.28,0.0,0.0,1.0,9.5,1.0,102.0,14.3,96.0,89.0,1004.0,650.0,7.0,0.0549450549450549,,,,80,1.06
,0.0,0.0094714460648836,0.28,0.0,0.0,1.0,9.5,2.0,103.0,14.3,97.0,89.0,1005.0,651.0,8.0,0.0659340659340659,,,,80,2.12
,0.0,0.0094714460648836,0.28,0.0,0.0,1.0,9.5,3.0,104.0,14.3,98.0,89.0,1006.0,652.0,9.0,0.0769230769230769,,,,80,3.18
,0.0,0.0094714460648836,0.28,0.0,0.0,1.0,9.5,4.0,105.0,14.3,99.0,89.0,1007.0,653.0,10.0,0.0879120879120879,0.0879120879120879,95,103,80,4.24
N3_R_2P_F0.28_h0.9_25P0C75L_0HR_R1_4L_0HW_0Deg,0.0,0.0094714460648836,0.28,0.25,0.0,0.75,9.5,0.0,96.0,14.4,90.0,90.0,,,0.0,0.0,,,,81,0.0
dried debris,0.0,0.0094714460648836,0.28,0.25,0.0,0.75,9.5,1.0,102.0,14.3,96.0,89.0,1008.0,654.0,7.0,0.0666666666666666,,,,81,1.06
,0.0,0.0094714460648836,0.28,0.25,0.0,0.75,9.5,2.0,111.0,14.2,105.0,87.99999999999999,1009.0,655.0,17.000000000000014,0.1666666666666666,,,,81,2.12
,0.0,0.0094714460648836,0.28,0.25,0.0,0.75,9.5,3.0,112.0,14.2,106.0,87.99999999999999,1010.0,656.0,18.000000000000014,0.1777777777777777,,,,81,3.18
,0.0,0.0094714460648836,0.28,0.25,0.0,0.75,9.5,4.0,115.0,14.2,109.0,87.99999999999999,1011.0,657.0,21.00000000000001,0.2111111111111111,0.2111111111111111,68,84,81,4.24
N3_R_2P_F0.55_h0.9_25P0C75L_0HR_R1_4L_0HW_22.5Deg,22.5,0.0186046261988786,0.55,0.25,0.0,0.75,18.6,0.0,101.5,14.3,95.5,89.0,,,6.5,0.0,,,,82,0.0
dried debris,22.5,0.0186046261988786,0.55,0.25,0.0,0.75,18.6,1.0,148.0,14.3,142.0,89.0,1012.0,658.0,53.0,0.4869109947643979,,,,82,1.06
,22.5,0.0186046261988786,0.55,0.25,0.0,0.75,18.6,2.0,152.5,13.6,146.5,82.0,1013.0,659.0,64.5,0.5340314136125655,,,,82,2.12
,22.5,0.0186046261988786,0.55,0.25,0.0,0.75,18.6,3.0,163.0,13.6,157.0,82.0,1014.0,660.0,75.0,0.643979057591623,,,,82,3.18
,22.5,0.0186046261988786,0.55,0.25,0.0,0.75,18.6,4.0,166.5,13.9,160.5,85.0,1015.0,661.0,75.5,0.680628272251309,0.680628272251309,61,83,82,4.24
N3_R_2P_F0.55_h0.9_0P25C75L_0HR_R1_4L_0HW_22.5Deg,22.5,0.0186046261988786,0.55,0.0,0.25,0.75,18.6,0.0,101.5,14.3,95.5,89.0,,,6.5,0.0,,,,83,0.0
dried debris,22.5,0.0186046261988786,0.55,0.0,0.25,0.75,18.6,1.0,140.0,13.9,134.0,85.0,1016.0,662.0,49.0,0.4031413612565445,,,,83,1.06
,22.5,0.0186046261988786,0.55,0.0,0.25,0.75,18.6,2.0,153.0,13.8,147.0,84.0,1017.0,663.0,63.0,0.5392670157068062,,,,83,2.12
,22.5,0.0186046261988786,0.55,0.0,0.25,0.75,18.6,3.0,155.0,13.8,149.0,84.0,1018.0,664.0,65.0,0.5602094240837696,,,,83,3.18
,22.5,0.0186046261988786,0.55,0.0,0.25,0.75,18.6,4.0,155.5,13.8,149.5,84.0,1019.0,665.0,65.5,0.5654450261780105,0.5654450261780105,58,79,83,4.24
N3_R_2P_F0.55_h0.9_25P0C75L_0HR_R1_4L_0HW_22.5Deg,22.5,0.0186046261988786,0.55,0.25,0.0,0.75,18.6,0.0,101.5,14.3,95.5,89.0,,,6.5,0.0,,,,84,0.0
dried debris,22.5,0.0186046261988786,0.55,0.25,0.0,0.75,18.6,1.0,140.0,13.7,134.0,82.99999999999999,1020.0,666.0,51.000000000000014,0.4031413612565445,,,,84,1.06
,22.5,0.0186046261988786,0.55,0.25,0.0,0.75,18.6,2.0,159.0,14.0,153.0,86.0,1021.0,667.0,67.0,0.6020942408376964,,,,84,2.12
,22.5,0.0186046261988786,0.55,0.25,0.0,0.75,18.6,3.0,163.5,14.0,157.5,86.0,1022.0,668.0,71.5,0.6492146596858639,,,,84,3.18
,22.5,0.0186046261988786,0.55,0.25,0.0,0.75,18.6,4.0,165.5,14.2,159.5,87.99999999999999,1023.0,669.0,71.50000000000001,0.6701570680628273,0.6701570680628273,55,70,84,4.24
N3_R_2P_F0.55_h0.9_0P25C75L_0HR_R1_4L_0HW_22.5Deg,22.5,0.0186046261988786,0.55,0.0,0.25,0.75,18.6,0.0,101.5,14.3,95.5,89.0,,,6.5,0.0,,,,85,0.0
dried debris,22.5,0.0186046261988786,0.55,0.0,0.25,0.75,18.6,1.0,132.0,13.8,126.0,84.0,1024.0,670.0,42.0,0.3193717277486911,,,,85,1.06
,22.5,0.0186046261988786,0.55,0.0,0.25,0.75,18.6,2.0,140.0,13.9,134.0,85.0,1025.0,671.0,49.0,0.4031413612565445,,,,85,2.12
,22.5,0.0186046261988786,0.55,0.0,0.25,0.75,18.6,3.0,144.0,13.8,138.0,84.0,1026.0,672.0,54.0,0.4450261780104712,,,,85,3.18
,22.5,0.0186046261988786,0.55,0.0,0.25,0.75,18.6,4.0,161.0,13.8,155.0,84.0,1027.0,673.0,71.0,0.6230366492146597,0.6230366492146597,46,52,85,4.24
N3_R_2P_F0.55_h0.9_0P0C100L_0HR_R1_4L_0HW_22.5Deg,22.5,0.0186046261988786,0.55,0.0,0.0,1.0,18.6,0.0,101.5,14.3,95.5,89.0,,,6.5,0.0,,,,86,0.0
dried debris,22.5,0.0186046261988786,0.55,0.0,0.0,1.0,18.6,1.0,131.0,13.8,125.0,84.0,1028.0,674.0,41.0,0.3089005235602094,,,,86,1.06
,22.5,0.0186046261988786,0.55,0.0,0.0,1.0,18.6,2.0,140.0,13.8,134.0,84.0,1029.0,675.0,50.0,0.4031413612565445,,,,86,2.12
,22.5,0.0186046261988786,0.55,0.0,0.0,1.0,18.6,3.0,156.0,13.6,150.0,82.0,1030.0,676.0,68.0,0.5706806282722513,,,,86,3.18
,22.5,0.0186046261988786,0.55,0.0,0.0,1.0,18.6,4.0,162.0,13.6,156.0,82.0,1031.0,677.0,74.0,0.6335078534031413,0.6335078534031413,48,55,86,4.24
N3_R_2P_F0.55_h0.9_0P0C100L_0HR_R1_4L_0HW_22.5Deg,22.5,0.0186046261988786,0.55,0.0,0.0,1.0,18.6,0.0,101.5,14.3,95.5,89.0,,,6.5,0.0,,,,87,0.0
dried debris,22.5,0.0186046261988786,0.55,0.0,0.0,1.0,18.6,1.0,149.0,13.8,143.0,84.0,1032.0,678.0,59.0,0.4973821989528796,,,,87,1.06
,22.5,0.0186046261988786,0.55,0.0,0.0,1.0,18.6,2.0,160.0,13.8,154.0,84.0,1033.0,679.0,70.0,0.612565445026178,,,,87,2.12
,22.5,0.0186046261988786,0.55,0.0,0.0,1.0,18.6,3.0,162.0,13.6,156.0,82.0,1034.0,680.0,74.0,0.6335078534031413,,,,87,3.18
,22.5,0.0186046261988786,0.55,0.0,0.0,1.0,18.6,4.0,162.0,13.6,156.0,82.0,1035.0,681.0,74.0,0.6335078534031413,0.6335078534031413,52,72,87,4.24
N3_R_2P_F0.4_h0.9_25P0C75L_0HR_R1_4L_0HW_22.5Deg,22.5,0.013530637235548,0.4,0.25,0.0,0.75,13.5,0.0,99.5,14.4,93.5,90.0,,,3.5,0.0,,,,88,0.0
dried debris,22.5,0.013530637235548,0.4,0.25,0.0,0.75,13.5,1.0,128.0,13.8,122.0,84.0,1036.0,682.0,38.0,0.3048128342245989,,,,88,1.06
,22.5,0.013530637235548,0.4,0.25,0.0,0.75,13.5,2.0,141.0,13.8,135.0,84.0,1037.0,683.0,51.0,0.4438502673796791,,,,88,2.12
,22.5,0.013530637235548,0.4,0.25,0.0,0.75,13.5,3.0,142.0,13.8,136.0,84.0,1038.0,684.0,52.0,0.4545454545454545,,,,88,3.18
,22.5,0.013530637235548,0.4,0.25,0.0,0.75,13.5,4.0,143.0,13.8,137.0,84.0,1039.0,685.0,53.0,0.46524064171123,0.46524064171123,52,65,88,4.24
N3_R_2P_F0.4_h0.9_25P0C75L_0HR_R1_4L_0HW_22.5Deg,22.5,0.013530637235548,0.4,0.25,0.0,0.75,13.5,0.0,99.5,14.4,93.5,90.0,,,3.5,0.0,,,,89,0.0
dried debris,22.5,0.013530637235548,0.4,0.25,0.0,0.75,13.5,1.0,131.0,14.0,125.0,86.0,1040.0,686.0,39.0,0.3368983957219251,,,,89,1.06
,22.5,0.013530637235548,0.4,0.25,0.0,0.75,13.5,2.0,133.0,14.0,127.0,86.0,1041.0,687.0,41.0,0.3582887700534759,,,,89,2.12
,22.5,0.013530637235548,0.4,0.25,0.0,0.75,13.5,3.0,138.0,14.0,132.0,86.0,1042.0,688.0,46.0,0.4117647058823529,,,,89,3.18
,22.5,0.013530637235548,0.4,0.25,0.0,0.75,13.5,4.0,140.0,14.0,134.0,86.0,1043.0,689.0,48.0,0.4331550802139037,0.4331550802139037,62,70,89,4.24
N3_R_2P_F0.4_h0.9_0P25C75L_0HR_R1_4L_0HW_22.5Deg,22.5,0.013530637235548,0.4,0.0,0.25,0.75,13.5,0.0,99.5,14.4,93.5,90.0,,,3.5,0.0,,,,90,0.0
dried debris,22.5,0.013530637235548,0.4,0.0,0.25,0.75,13.5,1.0,126.0,14.3,120.0,89.0,1044.0,690.0,31.0,0.2834224598930481,,,,90,1.06
,22.5,0.013530637235548,0.4,0.0,0.25,0.75,13.5,2.0,133.0,14.3,127.0,89.0,1045.0,691.0,38.0,0.3582887700534759,,,,90,2.12
,22.5,0.013530637235548,0.4,0.0,0.25,0.75,13.5,3.0,139.0,14.3,133.0,89.0,1046.0,692.0,44.0,0.4224598930481283,,,,90,3.18
,22.5,0.013530637235548,0.4,0.0,0.25,0.75,13.5,4.0,140.0,14.3,134.0,89.0,1047.0,693.0,45.0,0.4331550802139037,0.4331550802139037,74,80,90,4.24
N3_R_2P_F0.4_h0.9_0P25C75L_0HR_R1_4L_0HW_22.5Deg,22.5,0.013530637235548,0.4,0.0,0.25,0.75,13.5,0.0,99.5,14.4,93.5,90.0,,,3.5,0.0,,,,91,0.0
dried debris,22.5,0.013530637235548,0.4,0.0,0.25,0.75,13.5,1.0,113.0,14.4,107.0,90.0,1048.0,694.0,17.0,0.1443850267379679,,,,91,1.06
,22.5,0.013530637235548,0.4,0.0,0.25,0.75,13.5,2.0,128.0,14.1,122.0,87.0,1049.0,695.0,35.0,0.3048128342245989,,,,91,2.12
,22.5,0.013530637235548,0.4,0.0,0.25,0.75,13.5,3.0,130.0,14.2,124.0,87.99999999999999,1050.0,696.0,36.000000000000014,0.3262032085561497,,,,91,3.18
,22.5,0.013530637235548,0.4,0.0,0.25,0.75,13.5,4.0,132.0,,126.0,-54.0,1051.0,697.0,180.0,0.3475935828877005,0.3475935828877005,57,67,91,4.24
N3_R_2P_F0.4_h0.9_0P0C100L_0HR_R1_4L_0HW_22.5Deg,22.5,0.013530637235548,0.4,0.0,0.0,1.0,13.5,0.0,99.5,14.4,93.5,90.0,,,3.5,0.0,,,,92,0.0
dried debris,22.5,0.013530637235548,0.4,0.0,0.0,1.0,13.5,1.0,122.0,14.2,116.0,87.99999999999999,1052.0,698.0,28.00000000000001,0.2406417112299465,,,,92,1.06
,22.5,0.013530637235548,0.4,0.0,0.0,1.0,13.5,2.0,138.0,14.3,132.0,89.0,1053.0,699.0,43.0,0.4117647058823529,,,,92,2.12
,22.5,0.013530637235548,0.4,0.0,0.0,1.0,13.5,3.0,140.0,14.4,134.0,90.0,1054.0,700.0,44.0,0.4331550802139037,,,,92,3.18
,22.5,0.013530637235548,0.4,0.0,0.0,1.0,13.5,4.0,143.5,14.4,137.5,90.0,1055.0,701.0,47.5,0.4705882352941176,0.4705882352941176,86,99,92,4.24
N3_R_2P_F0.4_h0.9_0P0C100L_0HR_R1_4L_0HW_22.5Deg,22.5,0.013530637235548,0.4,0.0,0.0,1.0,13.5,0.0,99.5,14.4,93.5,90.0,,,3.5,0.0,,,,93,0.0
dried debris,22.5,0.013530637235548,0.4,0.0,0.0,1.0,13.5,1.0,116.0,14.4,110.0,90.0,1056.0,702.0,20.0,0.1764705882352941,,,,93,1.06
,22.5,0.013530637235548,0.4,0.0,0.0,1.0,13.5,2.0,135.0,14.2,129.0,87.99999999999999,1057.0,703.0,41.000000000000014,0.3796791443850267,,,,93,2.12
,22.5,0.013530637235548,0.4,0.0,0.0,1.0,13.5,3.0,139.0,14.2,133.0,87.99999999999999,1058.0,704.0,45.000000000000014,0.4224598930481283,,,,93,3.18
,22.5,0.013530637235548,0.4,0.0,0.0,1.0,13.5,4.0,139.5,14.2,133.5,87.99999999999999,1059.0,705.0,45.500000000000014,0.427807486631016,0.427807486631016,x,x,93,4.24
N3_R_2P_F0.4_h0.9_0P25C75L_0HR_R1_4L_0HW_22.5Deg,22.5,0.013530637235548,0.4,0.0,0.25,0.75,13.5,0.0,99.5,14.4,93.5,90.0,,,3.5,0.0,,,,94,0.0
dried debris,22.5,0.013530637235548,0.4,0.0,0.25,0.75,13.5,1.0,116.0,14.4,110.0,90.0,1060.0,706.0,20.0,0.1764705882352941,,,,94,1.06
,22.5,0.013530637235548,0.4,0.0,0.25,0.75,13.5,2.0,124.0,14.1,118.0,87.0,1061.0,707.0,31.0,0.2620320855614973,,,,94,2.12
,22.5,0.013530637235548,0.4,0.0,0.25,0.75,13.5,3.0,128.0,14.2,122.0,87.99999999999999,1062.0,708.0,34.000000000000014,0.3048128342245989,,,,94,3.18
,22.5,0.013530637235548,0.4,0.0,0.25,0.75,13.5,4.0,131.0,14.2,125.0,87.99999999999999,1063.0,709.0,37.000000000000014,0.3368983957219251,0.3368983957219251,58,62,94,4.24
N3_R_2P_F0.28_h0.9_0P25C75L_0HR_R1_4L_0HW_22.5Deg,22.5,0.0094714460648836,0.28,0.0,0.25,0.75,13.5,0.0,99.0,14.4,93.0,90.0,,,3.0,0.0,,,,95,0.0
dried debris,22.5,0.0094714460648836,0.28,0.0,0.25,0.75,13.5,1.0,103.0,14.4,97.0,90.0,1064.0,710.0,7.0,0.043010752688172,,,,95,1.06
,22.5,0.0094714460648836,0.28,0.0,0.25,0.75,13.5,2.0,107.0,14.2,101.0,87.99999999999999,1065.0,711.0,13.000000000000014,0.086021505376344,,,,95,2.12
,22.5,0.0094714460648836,0.28,0.0,0.25,0.75,13.5,3.0,111.0,14.2,105.0,87.99999999999999,1066.0,712.0,17.000000000000014,0.1290322580645161,,,,95,3.18
,22.5,0.0094714460648836,0.28,0.0,0.25,0.75,13.5,4.0,113.0,14.2,107.0,87.99999999999999,1067.0,713.0,19.00000000000001,0.1505376344086021,0.1505376344086021,x,x,95,4.24
N3_R_2P_F0.48_h0.9_0P0C100L_0HR_R1_4L_0HW_22.5Deg,22.5,0.0162367646826576,0.48,0.0,0.0,1.0,16.2,0.0,101.0,14.3,95.0,89.0,,,6.0,0.0,,,,96,0.0
dried debris,22.5,0.0162367646826576,0.48,0.0,0.0,1.0,16.2,1.0,124.0,14.25,118.0,88.5,1068.0,714.0,29.5,0.2421052631578947,,,,96,1.06
,22.5,0.0162367646826576,0.48,0.0,0.0,1.0,16.2,2.0,146.0,13.9,140.0,85.0,1069.0,715.0,55.0,0.4736842105263157,,,,96,2.12
,22.5,0.0162367646826576,0.48,0.0,0.0,1.0,16.2,3.0,156.0,14.0,150.0,86.0,1070.0,716.0,64.0,0.5789473684210527,,,,96,3.18
,22.5,0.0162367646826576,0.48,0.0,0.0,1.0,16.2,4.0,157.0,14.0,151.0,86.0,1071.0,717.0,65.0,0.5894736842105263,0.5894736842105263,x,x,96,4.24
N3_R_2P_F0.48_h0.9_0P0C100L_0HR_R1_4L_0HW_22.5Deg,22.5,0.0162367646826576,0.48,0.0,0.0,1.0,16.2,0.0,101.0,14.3,95.0,89.0,,,6.0,0.0,,,,97,0.0
dried debris,22.5,0.0162367646826576,0.48,0.0,0.0,1.0,16.2,1.0,130.0,14.2,124.0,87.99999999999999,1072.0,718.0,36.000000000000014,0.3052631578947368,,,,97,1.06
,22.5,0.0162367646826576,0.48,0.0,0.0,1.0,16.2,2.0,140.5,14.2,134.5,87.99999999999999,1073.0,719.0,46.500000000000014,0.4157894736842105,,,,97,2.12
,22.5,0.0162367646826576,0.48,0.0,0.0,1.0,16.2,3.0,142.0,14.3,136.0,89.0,1074.0,720.0,47.0,0.431578947368421,,,,97,3.18
,22.5,0.0162367646826576,0.48,0.0,0.0,1.0,16.2,4.0,143.5,14.1,137.5,87.0,1075.0,721.0,50.5,0.4473684210526316,0.4473684210526316,58,97,97,4.24
N3_R_2P_F0.48_h0.9_0P25C75L_0HR_R1_4L_0HW_22.5Deg,22.5,0.0162367646826576,0.48,0.0,0.25,0.75,16.2,0.0,101.0,14.3,95.0,89.0,,,6.0,0.0,,,,98,0.0
dried debris,22.5,0.0162367646826576,0.48,0.0,0.25,0.75,16.2,1.0,130.0,14.1,124.0,87.0,1076.0,722.0,37.0,0.3052631578947368,,,,98,1.06
,22.5,0.0162367646826576,0.48,0.0,0.25,0.75,16.2,2.0,144.0,14.2,138.0,87.99999999999999,1077.0,723.0,50.000000000000014,0.4526315789473684,,,,98,2.12
,22.5,0.0162367646826576,0.48,0.0,0.25,0.75,16.2,3.0,149.0,14.1,143.0,87.0,1078.0,724.0,56.0,0.5052631578947369,,,,98,3.18
,22.5,0.0162367646826576,0.48,0.0,0.25,0.75,16.2,4.0,157.5,14.1,151.5,87.0,1079.0,725.0,64.5,0.5947368421052631,0.5947368421052631,42,54,98,4.24
N3_R_2P_F0.48_h0.9_0P0C100L_0HR_R1_4L_0HW_22.5Deg,22.5,0.0162367646826576,0.48,0.0,0.0,1.0,16.2,0.0,101.0,14.3,95.0,89.0,,,6.0,0.0,,,,99,0.0
dried debris,22.5,0.0162367646826576,0.48,0.0,0.0,1.0,16.2,1.0,123.0,14.2,117.0,87.99999999999999,1080.0,726.0,29.00000000000001,0.231578947368421,,,,99,1.06
,22.5,0.0162367646826576,0.48,0.0,0.0,1.0,16.2,2.0,136.0,14.1,130.0,87.0,1081.0,727.0,43.0,0.3684210526315789,,,,99,2.12
,22.5,0.0162367646826576,0.48,0.0,0.0,1.0,16.2,3.0,144.0,14.2,138.0,87.99999999999999,1082.0,728.0,50.000000000000014,0.4526315789473684,,,,99,3.18
,22.5,0.0162367646826576,0.48,0.0,0.0,1.0,16.2,4.0,154.0,14.0,148.0,86.0,1083.0,729.0,62.0,0.5578947368421052,0.5578947368421052,48,62,99,4.24
N3_R_2P_F0.48_h0.9_25P0C75L_0HR_R1_4L_0HW_22.5Deg,22.5,0.0162367646826576,0.48,0.25,0.0,0.75,16.2,0.0,101.0,14.3,95.0,89.0,,,6.0,0.0,,,,100,0.0
dried debris,22.5,0.0162367646826576,0.48,0.25,0.0,0.75,16.2,1.0,108.0,14.3,102.0,89.0,1084.0,730.0,13.0,0.0736842105263157,,,,100,1.06
,22.5,0.0162367646826576,0.48,0.25,0.0,0.75,16.2,2.0,155.0,14.1,149.0,87.0,1085.0,731.0,62.0,0.5684210526315789,,,,100,2.12
,22.5,0.0162367646826576,0.48,0.25,0.0,0.75,16.2,3.0,158.0,14.25,152.0,88.5,1086.0,732.0,63.5,0.6,,,,100,3.18
,22.5,0.0162367646826576,0.48,0.25,0.0,0.75,16.2,4.0,159.0,14.2,153.0,87.99999999999999,1087.0,733.0,65.00000000000001,0.6105263157894737,0.6105263157894737,65,82,100,4.24
N3_R_2P_F0.48_h0.9_0P25C75L_0HR_R1_4L_0HW_22.5Deg,22.5,0.0162367646826576,0.48,0.0,0.25,0.75,16.2,0.0,101.0,14.3,95.0,89.0,,,6.0,0.0,,,,101,0.0
dried debris,22.5,0.0162367646826576,0.48,0.0,0.25,0.75,16.2,1.0,133.0,14.2,127.0,87.99999999999999,1088.0,734.0,39.000000000000014,0.3368421052631579,,,,101,1.06
,22.5,0.0162367646826576,0.48,0.0,0.25,0.75,16.2,2.0,139.0,13.9,133.0,85.0,1089.0,735.0,48.0,0.4,,,,101,2.12
,22.5,0.0162367646826576,0.48,0.0,0.25,0.75,16.2,3.0,139.5,13.9,133.5,85.0,1090.0,736.0,48.5,0.4052631578947368,,,,101,3.18
,22.5,0.0162367646826576,0.48,0.0,0.25,0.75,16.2,4.0,147.0,13.8,141.0,84.0,,,57.0,0.4842105263157895,0.4842105263157895,47,74,101,4.24
N3_R_2P_F0.48_h0.9_25P0C75L_0HR_R1_4L_0HW_22.5Deg,22.5,0.0162367646826576,0.48,0.25,0.0,0.75,16.2,0.0,101.0,14.3,95.0,89.0,,,6.0,0.0,,,,102,0.0
dried debris,22.5,0.0162367646826576,0.48,0.25,0.0,0.75,16.2,1.0,129.5,14.3,123.5,89.0,1091.0,737.0,34.5,0.3,,,,102,1.06
,22.5,0.0162367646826576,0.48,0.25,0.0,0.75,16.2,2.0,140.5,14.2,134.5,87.99999999999999,1092.0,738.0,46.500000000000014,0.4157894736842105,,,,102,2.12
,22.5,0.0162367646826576,0.48,0.25,0.0,0.75,16.2,3.0,144.0,14.2,138.0,87.99999999999999,1093.0,739.0,50.000000000000014,0.4526315789473684,,,,102,3.18
,22.5,0.0162367646826576,0.48,0.25,0.0,0.75,16.2,4.0,160.0,14.2,154.0,87.99999999999999,1094.0,740.0,66.00000000000001,0.6210526315789474,0.6210526315789474,56,64,102,4.24
N3_R_2P_F0.48_h0.9_0P25C75L_0HR_R1_4L_0HW_22.5Deg,22.5,0.0162367646826576,0.48,0.0,0.25,0.75,16.2,0.0,101.0,14.3,95.0,89.0,,,6.0,0.0,,,,103,0.0
dried debris,22.5,0.0162367646826576,0.48,0.0,0.25,0.75,16.2,1.0,139.0,14.0,133.0,86.0,1095.0,741.0,47.0,0.4,,,,103,1.06
,22.5,0.0162367646826576,0.48,0.0,0.25,0.75,16.2,2.0,145.0,14.0,139.0,86.0,1096.0,742.0,53.0,0.4631578947368421,,,,103,2.12
,22.5,0.0162367646826576,0.48,0.0,0.25,0.75,16.2,3.0,149.0,14.0,143.0,86.0,1097.0,743.0,57.0,0.5052631578947369,,,,103,3.18
,22.5,0.0162367646826576,0.48,0.0,0.25,0.75,16.2,4.0,150.0,13.9,144.0,85.0,1098.0,744.0,59.0,0.5157894736842106,0.5157894736842106,46,65,103,4.24
N3_R_2P_F0.28_h0.9_25P0C75L_0HR_R1_4L_0HW_22.5Deg,22.5,0.0094714460648836,0.28,0.25,0.0,0.75,9.5,0.0,97.0,14.4,91.0,90.0,,,1.0,0.0,,,,104,0.0
dried debris,22.5,0.0094714460648836,0.28,0.25,0.0,0.75,9.5,1.0,105.0,14.35,99.0,89.5,1099.0,745.0,9.5,0.0879120879120879,,,,104,1.06
,22.5,0.0094714460648836,0.28,0.25,0.0,0.75,9.5,2.0,109.0,14.3,103.0,89.0,1100.0,746.0,14.0,0.1318681318681318,,,,104,2.12
,22.5,0.0094714460648836,0.28,0.25,0.0,0.75,9.5,3.0,112.0,14.3,106.0,89.0,1101.0,747.0,17.0,0.1648351648351648,,,,104,3.18
,22.5,0.0094714460648836,0.28,0.25,0.0,0.75,9.5,4.0,115.0,14.3,109.0,89.0,1102.0,748.0,20.0,0.1978021978021978,0.1978021978021978,69,79,104,4.24
N3_R_2P_F0.28_h0.9_25P0C75L_0HR_R1_4L_0HW_22.5Deg,22.5,0.0094714460648836,0.28,0.25,0.0,0.75,9.5,0.0,97.0,14.4,91.0,90.0,,,1.0,0.0,,,,105,0.0
dried debris,22.5,0.0094714460648836,0.28,0.25,0.0,0.75,9.5,1.0,104.0,14.4,98.0,90.0,1103.0,749.0,8.0,0.0769230769230769,,,,105,1.06
,22.5,0.0094714460648836,0.28,0.25,0.0,0.75,9.5,2.0,106.0,14.3,100.0,89.0,1104.0,750.0,11.0,0.0989010989010989,,,,105,2.12
,22.5,0.0094714460648836,0.28,0.25,0.0,0.75,9.5,3.0,109.0,14.3,103.0,89.0,1105.0,751.0,14.0,0.1318681318681318,,,,105,3.18
,22.5,0.0094714460648836,0.28,0.25,0.0,0.75,9.5,4.0,111.0,14.3,105.0,89.0,1106.0,752.0,16.0,0.1538461538461538,0.1538461538461538,x,x,105,4.24
N3_R_2P_F0.28_h0.9_0P25C75L_0HR_R1_4L_0HW_22.5Deg,22.5,0.0094714460648836,0.28,0.0,0.25,0.75,9.5,0.0,97.0,14.4,91.0,90.0,,,1.0,0.0,,,,106,0.0
dried debris,22.5,0.0094714460648836,0.28,0.0,0.25,0.75,9.5,1.0,101.0,14.4,95.0,90.0,1107.0,753.0,5.0,0.0439560439560439,,,,106,1.06
,22.5,0.0094714460648836,0.28,0.0,0.25,0.75,9.5,2.0,106.0,14.4,100.0,90.0,1108.0,754.0,10.0,0.0989010989010989,,,,106,2.12
,22.5,0.0094714460648836,0.28,0.0,0.25,0.75,9.5,3.0,108.0,14.4,102.0,90.0,1109.0,755.0,12.0,0.1208791208791208,,,,106,3.18
,22.5,0.0094714460648836,0.28,0.0,0.25,0.75,9.5,4.0,109.0,14.3,103.0,89.0,1110.0,756.0,14.0,0.1318681318681318,0.1318681318681318,76,86,106,4.24
N3_R_2P_F0.28_h0.9_0P0C100L_0HR_R1_4L_0HW_22.5Deg,22.5,0.0094714460648836,0.28,0.0,0.0,1.0,9.5,0.0,97.0,14.4,91.0,90.0,,,1.0,0.0,,,,107,0.0
dried debris,22.5,0.0094714460648836,0.28,0.0,0.0,1.0,9.5,1.0,101.0,14.4,95.0,90.0,1111.0,757.0,5.0,0.0439560439560439,,,,107,1.06
,22.5,0.0094714460648836,0.28,0.0,0.0,1.0,9.5,2.0,104.5,,98.5,-54.0,1112.0,758.0,152.5,0.0824175824175824,,,,107,2.12
,22.5,0.0094714460648836,0.28,0.0,0.0,1.0,9.5,3.0,107.0,,101.0,-54.0,1113.0,759.0,155.0,0.1098901098901098,,,,107,3.18
,22.5,0.0094714460648836,0.28,0.0,0.0,1.0,9.5,4.0,108.5,,102.5,-54.0,1114.0,760.0,156.5,0.1263736263736263,0.1263736263736263,85,99,107,4.24
,,,,,,,,,,,,,150.0,65.0,,,,,,108,0.0
,,,,,,,,,,,,,516.0,216.0,,,,,,109,0.0
,,,,,,,,,,,,,2.0,642.0,,,,,,110,0.0
