backbone,fusion,regressor,sample_idx,exp_id,top_path,side_path,volume,y_true,y_pred,residual,abs_error
densenet121,concat,mlp,0,1,photos/top_view_images/P2260331.JPG,photos/side_view_images/P2260685.JPG,1.06,1.06,1.2618889808654785,0.20188898086547846,0.20188898086547846
densenet121,concat,mlp,1,1,photos/top_view_images/P2260332.JPG,photos/side_view_images/P2260686.JPG,2.12,2.12,1.9794797897338867,-0.1405202102661134,0.1405202102661134
densenet121,concat,mlp,2,1,photos/top_view_images/P2260333.JPG,photos/side_view_images/P2260687.JPG,3.18,3.18,2.7695724964141846,-0.4104275035858156,0.4104275035858156
densenet121,concat,mlp,3,1,photos/top_view_images/P2260334.JPG,photos/side_view_images/P2260688.JPG,4.24,4.24,3.7533421516418457,-0.4866578483581545,0.4866578483581545
densenet121,concat,mlp,4,2,photos/top_view_images/P2260335.JPG,photos/side_view_images/P2260689.JPG,1.06,1.06,0.9711652398109436,-0.08883476018905645,0.08883476018905645
densenet121,concat,mlp,5,2,photos/top_view_images/P2260336.JPG,photos/side_view_images/P2260690.JPG,2.12,2.12,1.8672358989715576,-0.2527641010284425,0.2527641010284425
densenet121,concat,mlp,6,2,photos/top_view_images/P2260337.JPG,photos/side_view_images/P2260692.JPG,3.18,3.18,2.6271133422851562,-0.5528866577148439,0.5528866577148439
densenet121,concat,mlp,7,2,photos/top_view_images/P2260339.JPG,photos/side_view_images/P2260693.JPG,4.24,4.24,3.5930447578430176,-0.6469552421569826,0.6469552421569826
densenet121,concat,mlp,8,3,photos/top_view_images/P2260340.JPG,photos/side_view_images/P2260694.JPG,1.06,1.06,1.6504747867584229,0.5904747867584228,0.5904747867584228
densenet121,concat,mlp,9,3,photos/top_view_images/P2260341.JPG,photos/side_view_images/P2260695.JPG,2.12,2.12,1.9448055028915405,-0.17519449710845958,0.17519449710845958
densenet121,concat,mlp,10,3,photos/top_view_images/P2260342.JPG,photos/side_view_images/P2260696.JPG,3.18,3.18,3.711836099624634,0.5318360996246336,0.5318360996246336
densenet121,concat,mlp,11,3,photos/top_view_images/P2260343.JPG,photos/side_view_images/P2260697.JPG,4.24,4.24,4.83688497543335,0.5968849754333494,0.5968849754333494
densenet121,concat,mlp,12,4,photos/top_view_images/P2260345.JPG,photos/side_view_images/P2260699.JPG,1.06,1.06,1.4524617195129395,0.3924617195129394,0.3924617195129394
densenet121,concat,mlp,13,4,photos/top_view_images/P2260346.JPG,photos/side_view_images/P2260700.JPG,2.12,2.12,2.2347207069396973,0.11472070693969716,0.11472070693969716
densenet121,concat,mlp,14,4,photos/top_view_images/P2260347.JPG,photos/side_view_images/P2260701.JPG,3.18,3.18,4.440272331237793,1.2602723312377928,1.2602723312377928
densenet121,concat,mlp,15,4,photos/top_view_images/P2260348.JPG,photos/side_view_images/P2260702.JPG,4.24,4.24,5.084135055541992,0.844135055541992,0.844135055541992
densenet121,concat,mlp,16,5,photos/top_view_images/P2260349.JPG,photos/side_view_images/P2260703.JPG,1.06,1.06,1.4535938501358032,0.39359385013580317,0.39359385013580317
densenet121,concat,mlp,17,5,photos/top_view_images/P2260350.JPG,photos/side_view_images/P2260704.JPG,2.12,2.12,2.275655746459961,0.15565574645996083,0.15565574645996083
densenet121,concat,mlp,18,5,photos/top_view_images/P2260351.JPG,photos/side_view_images/P2260705.JPG,3.18,3.18,4.061936378479004,0.8819363784790037,0.8819363784790037
densenet121,concat,mlp,19,5,photos/top_view_images/P2260352.JPG,photos/side_view_images/P2260706.JPG,4.24,4.24,4.761430263519287,0.5214302635192869,0.5214302635192869
densenet121,concat,mlp,20,6,photos/top_view_images/P2270353.JPG,photos/side_view_images/P2270707.JPG,1.06,1.06,1.7128645181655884,0.6528645181655883,0.6528645181655883
densenet121,concat,mlp,21,6,photos/top_view_images/P2270354.JPG,photos/side_view_images/P2270708.JPG,2.12,2.12,2.334770441055298,0.21477044105529774,0.21477044105529774
densenet121,concat,mlp,22,6,photos/top_view_images/P2270355.JPG,photos/side_view_images/P2270709.JPG,3.18,3.18,3.5200178623199463,0.34001786231994613,0.34001786231994613
densenet121,concat,mlp,23,6,photos/top_view_images/P2270356.JPG,photos/side_view_images/P2270710.JPG,4.24,4.24,4.205033779144287,-0.034966220855713104,0.034966220855713104
densenet121,concat,mlp,24,7,photos/top_view_images/P2270357.JPG,photos/side_view_images/P2270712.JPG,1.06,1.06,1.0454195737838745,-0.014580426216125542,0.014580426216125542
densenet121,concat,mlp,25,7,photos/top_view_images/P2270358.JPG,photos/side_view_images/P2270713.JPG,2.12,2.12,2.3237392902374268,0.20373929023742665,0.20373929023742665
densenet121,concat,mlp,26,7,photos/top_view_images/P2270359.JPG,photos/side_view_images/P2270714.JPG,3.18,3.18,2.659702777862549,-0.5202972221374513,0.5202972221374513
densenet121,concat,mlp,27,7,photos/top_view_images/P2270360.JPG,photos/side_view_images/P2270715.JPG,4.24,4.24,4.048987865447998,-0.19101213455200217,0.19101213455200217
densenet121,concat,mlp,28,8,photos/top_view_images/P2270361.JPG,photos/side_view_images/P2270716.JPG,1.06,1.06,0.9603633880615234,-0.09963661193847662,0.09963661193847662
densenet121,concat,mlp,29,8,photos/top_view_images/P2270362.JPG,photos/side_view_images/P2270717.JPG,2.12,2.12,1.7458466291427612,-0.3741533708572389,0.3741533708572389
densenet121,concat,mlp,30,8,photos/top_view_images/P2270363.JPG,photos/side_view_images/P2270718.JPG,3.18,3.18,3.2000226974487305,0.02002269744873031,0.02002269744873031
densenet121,concat,mlp,31,8,photos/top_view_images/P2270364.JPG,photos/side_view_images/P2270719.JPG,4.24,4.24,3.4812891483306885,-0.7587108516693117,0.7587108516693117
densenet121,concat,mlp,32,9,photos/top_view_images/P2270365.JPG,photos/side_view_images/P2270720.JPG,1.06,1.06,1.5476627349853516,0.4876627349853515,0.4876627349853515
densenet121,concat,mlp,33,9,photos/top_view_images/P2270366.JPG,photos/side_view_images/P2270721.JPG,2.12,2.12,2.5589208602905273,0.43892086029052724,0.43892086029052724
densenet121,concat,mlp,34,9,photos/top_view_images/P2270367.JPG,photos/side_view_images/P2270722.JPG,3.18,3.18,3.4196372032165527,0.23963720321655257,0.23963720321655257
densenet121,concat,mlp,35,9,photos/top_view_images/P2270368.JPG,photos/side_view_images/P2270723.JPG,4.24,4.24,4.316046714782715,0.07604671478271463,0.07604671478271463
densenet121,concat,mlp,36,10,photos/top_view_images/P2270369.JPG,photos/side_view_images/P2270724.JPG,1.06,1.06,1.3647860288619995,0.30478602886199946,0.30478602886199946
densenet121,concat,mlp,37,10,photos/top_view_images/P2270370.JPG,photos/side_view_images/P2270725.JPG,2.12,2.12,2.2908899784088135,0.17088997840881337,0.17088997840881337
densenet121,concat,mlp,38,10,photos/top_view_images/P2270371.JPG,photos/side_view_images/P2270726.JPG,3.18,3.18,2.8539812564849854,-0.3260187435150148,0.3260187435150148
densenet121,concat,mlp,39,10,photos/top_view_images/P2270372.JPG,photos/side_view_images/P2270727.JPG,4.24,4.24,4.463583946228027,0.22358394622802713,0.22358394622802713
densenet121,concat,mlp,40,11,photos/top_view_images/P2270373.JPG,photos/side_view_images/P2270728.JPG,1.06,1.06,1.3531123399734497,0.29311233997344965,0.29311233997344965
densenet121,concat,mlp,41,11,photos/top_view_images/P2270374.JPG,photos/side_view_images/P2270729.JPG,2.12,2.12,2.3378570079803467,0.21785700798034657,0.21785700798034657
densenet121,concat,mlp,42,11,photos/top_view_images/P2270375.JPG,photos/side_view_images/P2270730.JPG,3.18,3.18,3.2992241382598877,0.11922413825988754,0.11922413825988754
densenet121,concat,mlp,43,11,photos/top_view_images/P2270376.JPG,photos/side_view_images/P2270731.JPG,4.24,4.24,4.01676082611084,-0.22323917388916037,0.22323917388916037
densenet121,concat,mlp,44,12,photos/top_view_images/P2270377.JPG,photos/side_view_images/P2270732.JPG,1.06,1.06,1.183786153793335,0.12378615379333491,0.12378615379333491
densenet121,concat,mlp,45,12,photos/top_view_images/P2270378.JPG,photos/side_view_images/P2270733.JPG,2.12,2.12,1.908812403678894,-0.21118759632110606,0.21118759632110606
densenet121,concat,mlp,46,12,photos/top_view_images/P2270379.JPG,photos/side_view_images/P2270734.JPG,3.18,3.18,3.4487924575805664,0.26879245758056625,0.26879245758056625
densenet121,concat,mlp,47,12,photos/top_view_images/P2270381.JPG,photos/side_view_images/P2270736.JPG,4.24,4.24,4.4542670249938965,0.21426702499389627,0.21426702499389627
densenet121,concat,mlp,48,13,photos/top_view_images/P2270383.JPG,photos/side_view_images/P2270737.JPG,1.06,1.06,1.264310359954834,0.20431035995483393,0.20431035995483393
densenet121,concat,mlp,49,13,photos/top_view_images/P2270384.JPG,photos/side_view_images/P2270738.JPG,2.12,2.12,2.3914284706115723,0.27142847061157216,0.27142847061157216
densenet121,concat,mlp,50,13,photos/top_view_images/P2270385.JPG,photos/side_view_images/P2270739.JPG,3.18,3.18,3.205176830291748,0.025176830291747887,0.025176830291747887
densenet121,concat,mlp,51,14,photos/top_view_images/P3020386.JPG,photos/side_view_images/P3020741.JPG,1.06,1.06,1.5597761869430542,0.49977618694305415,0.49977618694305415
densenet121,concat,mlp,52,14,photos/top_view_images/P3020387.JPG,photos/side_view_images/P3020742.JPG,2.12,2.12,2.0569496154785156,-0.06305038452148448,0.06305038452148448
densenet121,concat,mlp,53,14,photos/top_view_images/P3020388.JPG,photos/side_view_images/P3020743.JPG,3.18,3.18,4.0013957023620605,0.8213957023620604,0.8213957023620604
densenet121,concat,mlp,54,14,photos/top_view_images/P3020389.JPG,photos/side_view_images/P3020744.JPG,4.24,4.24,4.825167655944824,0.585167655944824,0.585167655944824
densenet121,concat,mlp,55,15,photos/top_view_images/P3020390.JPG,photos/side_view_images/P3020745.JPG,1.06,1.06,1.4178028106689453,0.35780281066894526,0.35780281066894526
densenet121,concat,mlp,56,15,photos/top_view_images/P3020391.JPG,photos/side_view_images/P3020746.JPG,2.12,2.12,2.81620717048645,0.6962071704864501,0.6962071704864501
densenet121,concat,mlp,57,15,photos/top_view_images/P3020392.JPG,photos/side_view_images/P3020747.JPG,3.18,3.18,4.016809940338135,0.8368099403381346,0.8368099403381346
densenet121,concat,mlp,58,15,photos/top_view_images/P3020393.JPG,photos/side_view_images/P3020748.JPG,4.24,4.24,4.354994773864746,0.11499477386474588,0.11499477386474588
densenet121,concat,mlp,59,16,photos/top_view_images/P3020394.JPG,photos/side_view_images/P3020749.JPG,1.06,1.06,0.9980849623680115,-0.06191503763198858,0.06191503763198858
densenet121,concat,mlp,60,16,photos/top_view_images/P3020395.JPG,photos/side_view_images/P3020750.JPG,2.12,2.12,2.4498167037963867,0.3298167037963866,0.3298167037963866
densenet121,concat,mlp,61,16,photos/top_view_images/P3020396.JPG,photos/side_view_images/P3020751.JPG,3.18,3.18,2.913590431213379,-0.26640956878662125,0.26640956878662125
densenet121,concat,mlp,62,16,photos/top_view_images/P3020397.JPG,photos/side_view_images/P3020752.JPG,4.24,4.24,3.66241455078125,-0.5775854492187502,0.5775854492187502
densenet121,concat,mlp,63,17,photos/top_view_images/P3020398.JPG,photos/side_view_images/P3020753.JPG,1.06,1.06,1.0412184000015259,-0.018781599998474174,0.018781599998474174
densenet121,concat,mlp,64,17,photos/top_view_images/P3020399.JPG,photos/side_view_images/P3020754.JPG,2.12,2.12,2.556802272796631,0.43680227279663075,0.43680227279663075
densenet121,concat,mlp,65,17,photos/top_view_images/P3020400.JPG,photos/side_view_images/P3020755.JPG,3.18,3.18,3.7404842376708984,0.5604842376708983,0.5604842376708983
densenet121,concat,mlp,66,17,photos/top_view_images/P3020401.JPG,photos/side_view_images/P3020756.JPG,4.24,4.24,5.428869247436523,1.1888692474365232,1.1888692474365232
densenet121,concat,mlp,67,18,photos/top_view_images/P3020402.JPG,photos/side_view_images/P3020757.JPG,1.06,1.06,1.7508659362792969,0.6908659362792968,0.6908659362792968
densenet121,concat,mlp,68,18,photos/top_view_images/P3020403.JPG,photos/side_view_images/P3020758.JPG,2.12,2.12,2.1411569118499756,0.02115691184997548,0.02115691184997548
densenet121,concat,mlp,69,18,photos/top_view_images/P3020404.JPG,photos/side_view_images/P3020759.JPG,3.18,3.18,3.4358503818511963,0.25585038185119613,0.25585038185119613
densenet121,concat,mlp,70,18,photos/top_view_images/P3020405.JPG,photos/side_view_images/P3020760.JPG,4.24,4.24,4.277529239654541,0.0375292396545408,0.0375292396545408
densenet121,concat,mlp,71,19,photos/top_view_images/P3020406.JPG,photos/side_view_images/P3020761.JPG,1.06,1.06,1.1332995891571045,0.07329958915710444,0.07329958915710444
densenet121,concat,mlp,72,19,photos/top_view_images/P3020407.JPG,photos/side_view_images/P3020762.JPG,2.12,2.12,2.0266425609588623,-0.0933574390411378,0.0933574390411378
densenet121,concat,mlp,73,19,photos/top_view_images/P3020408.JPG,photos/side_view_images/P3020763.JPG,3.18,3.18,3.46768856048584,0.2876885604858397,0.2876885604858397
densenet121,concat,mlp,74,19,photos/top_view_images/P3020409.JPG,photos/side_view_images/P3020764.JPG,4.24,4.24,4.158603191375732,-0.08139680862426779,0.08139680862426779
densenet121,concat,mlp,75,20,photos/top_view_images/P3020410.JPG,photos/side_view_images/P3020765.JPG,1.06,1.06,1.5344858169555664,0.47448581695556635,0.47448581695556635
densenet121,concat,mlp,76,20,photos/top_view_images/P3020411.JPG,photos/side_view_images/P3020766.JPG,2.12,2.12,2.795851230621338,0.6758512306213378,0.6758512306213378
densenet121,concat,mlp,77,20,photos/top_view_images/P3020412.JPG,photos/side_view_images/P3020767.JPG,3.18,3.18,3.606394052505493,0.426394052505493,0.426394052505493
densenet121,concat,mlp,78,20,photos/top_view_images/P3020413.JPG,photos/side_view_images/P3020768.JPG,4.24,4.24,4.451956748962402,0.21195674896240213,0.21195674896240213
densenet121,concat,mlp,79,21,photos/top_view_images/P3020414.JPG,photos/side_view_images/P3020769.JPG,1.06,1.06,1.6212927103042603,0.5612927103042602,0.5612927103042602
densenet121,concat,mlp,80,21,photos/top_view_images/P3020415.JPG,photos/side_view_images/P3020770.JPG,2.12,2.12,2.925506830215454,0.805506830215454,0.805506830215454
densenet121,concat,mlp,81,21,photos/top_view_images/P3020416.JPG,photos/side_view_images/P3020771.JPG,3.18,3.18,3.639613628387451,0.459613628387451,0.459613628387451
densenet121,concat,mlp,82,21,photos/top_view_images/P3020417.JPG,photos/side_view_images/P3020772.JPG,4.24,4.24,3.8334553241729736,-0.4065446758270266,0.4065446758270266
densenet121,concat,mlp,83,22,photos/top_view_images/P3020418.JPG,photos/side_view_images/P3020773.JPG,1.06,1.06,0.8962402939796448,-0.16375970602035528,0.16375970602035528
densenet121,concat,mlp,84,22,photos/top_view_images/P3020419.JPG,photos/side_view_images/P3020774.JPG,2.12,2.12,1.8319294452667236,-0.2880705547332765,0.2880705547332765
densenet121,concat,mlp,85,22,photos/top_view_images/P3020420.JPG,photos/side_view_images/P3020775.JPG,3.18,3.18,3.3544840812683105,0.1744840812683104,0.1744840812683104
densenet121,concat,mlp,86,22,photos/top_view_images/P3020421.JPG,photos/side_view_images/P3020776.JPG,4.24,4.24,3.5223684310913086,-0.7176315689086916,0.7176315689086916
densenet121,concat,mlp,87,23,photos/top_view_images/P3020422.JPG,photos/side_view_images/P3020777.JPG,1.06,1.06,1.0675309896469116,0.007530989646911568,0.007530989646911568
densenet121,concat,mlp,88,23,photos/top_view_images/P3020423.JPG,photos/side_view_images/P3020778.JPG,2.12,2.12,2.212165594100952,0.09216559410095204,0.09216559410095204
densenet121,concat,mlp,89,23,photos/top_view_images/P3020424.JPG,photos/side_view_images/P3020779.JPG,3.18,3.18,3.376992702484131,0.1969927024841307,0.1969927024841307
densenet121,concat,mlp,90,23,photos/top_view_images/P3020425.JPG,photos/side_view_images/P3020780.JPG,4.24,4.24,4.174048900604248,-0.06595109939575217,0.06595109939575217
densenet121,concat,mlp,91,24,photos/top_view_images/P3020426.JPG,photos/side_view_images/P3020781.JPG,1.06,1.06,1.4168709516525269,0.3568709516525268,0.3568709516525268
densenet121,concat,mlp,92,24,photos/top_view_images/P3020427.JPG,photos/side_view_images/P3020782.JPG,2.12,2.12,2.348137617111206,0.22813761711120595,0.22813761711120595
densenet121,concat,mlp,93,24,photos/top_view_images/P3020428.JPG,photos/side_view_images/P3020783.JPG,3.18,3.18,3.27653431892395,0.09653431892395004,0.09653431892395004
densenet121,concat,mlp,94,24,photos/top_view_images/P3020429.JPG,photos/side_view_images/P3020784.JPG,4.24,4.24,3.8545145988464355,-0.38548540115356467,0.38548540115356467
densenet121,concat,mlp,95,25,photos/top_view_images/P3020430.JPG,photos/side_view_images/P3020785.JPG,1.06,1.06,1.011796474456787,-0.048203525543212944,0.048203525543212944
densenet121,concat,mlp,96,25,photos/top_view_images/P3020431.JPG,photos/side_view_images/P3020786.JPG,2.12,2.12,1.8522001504898071,-0.267799849510193,0.267799849510193
densenet121,concat,mlp,97,25,photos/top_view_images/P3020432.JPG,photos/side_view_images/P3020787.JPG,3.18,3.18,2.422604560852051,-0.7573954391479494,0.7573954391479494
densenet121,concat,mlp,98,25,photos/top_view_images/P3020433.JPG,photos/side_view_images/P3020788.JPG,4.24,4.24,3.789309024810791,-0.4506909751892092,0.4506909751892092
densenet121,concat,mlp,99,26,photos/top_view_images/P3020434.JPG,photos/side_view_images/P3020789.JPG,1.06,1.06,1.6990729570388794,0.6390729570388793,0.6390729570388793
densenet121,concat,mlp,100,26,photos/top_view_images/P3020435.JPG,photos/side_view_images/P3020790.JPG,2.12,2.12,2.8086495399475098,0.6886495399475097,0.6886495399475097
densenet121,concat,mlp,101,26,photos/top_view_images/P3020436.JPG,photos/side_view_images/P3020791.JPG,3.18,3.18,4.584758758544922,1.4047587585449217,1.4047587585449217
densenet121,concat,mlp,102,26,photos/top_view_images/P3020437.JPG,photos/side_view_images/P3020792.JPG,4.24,4.24,4.629722595214844,0.38972259521484354,0.38972259521484354
densenet121,concat,mlp,103,27,photos/top_view_images/P3020438.JPG,photos/side_view_images/P3020793.JPG,1.06,1.06,1.1856532096862793,0.12565320968627924,0.12565320968627924
densenet121,concat,mlp,104,27,photos/top_view_images/P3020439.JPG,photos/side_view_images/P3020794.JPG,2.12,2.12,2.1703569889068604,0.050356988906860245,0.050356988906860245
densenet121,concat,mlp,105,27,photos/top_view_images/P3020440.JPG,photos/side_view_images/P3020795.JPG,3.18,3.18,3.656435966491699,0.47643596649169906,0.47643596649169906
densenet121,concat,mlp,106,27,photos/top_view_images/P3020441.JPG,photos/side_view_images/P3020796.JPG,4.24,4.24,4.428108215332031,0.18810821533203104,0.18810821533203104
densenet121,concat,mlp,107,28,photos/top_view_images/P3030442.JPG,photos/side_view_images/P3030797.JPG,1.06,1.06,0.9572102427482605,-0.10278975725173956,0.10278975725173956
densenet121,concat,mlp,108,28,photos/top_view_images/P3030443.JPG,photos/side_view_images/P3030798.JPG,2.12,2.12,2.1192147731781006,-0.0007852268218995206,0.0007852268218995206
densenet121,concat,mlp,109,28,photos/top_view_images/P3030444.JPG,photos/side_view_images/P3030799.JPG,3.18,3.18,2.7687671184539795,-0.41123288154602067,0.41123288154602067
densenet121,concat,mlp,110,28,photos/top_view_images/P3030445.JPG,photos/side_view_images/P3030800.JPG,4.24,4.24,3.46842622756958,-0.7715737724304201,0.7715737724304201
densenet121,concat,mlp,111,29,photos/top_view_images/P3030446.JPG,photos/side_view_images/P3030801.JPG,1.06,1.06,1.4522732496261597,0.3922732496261596,0.3922732496261596
densenet121,concat,mlp,112,29,photos/top_view_images/P3030447.JPG,photos/side_view_images/P3030802.JPG,2.12,2.12,2.5711779594421387,0.45117795944213857,0.45117795944213857
densenet121,concat,mlp,113,29,photos/top_view_images/P3030448.JPG,photos/side_view_images/P3030803.JPG,3.18,3.18,3.9075076580047607,0.7275076580047606,0.7275076580047606
densenet121,concat,mlp,114,29,photos/top_view_images/P3030449.JPG,photos/side_view_images/P3030804.JPG,4.24,4.24,4.420280456542969,0.18028045654296854,0.18028045654296854
densenet121,concat,mlp,115,30,photos/top_view_images/P3030450.JPG,photos/side_view_images/P3030805.JPG,1.06,1.06,1.3228951692581177,0.2628951692581176,0.2628951692581176
densenet121,concat,mlp,116,30,photos/top_view_images/P3030451.JPG,photos/side_view_images/P3030806.JPG,2.12,2.12,2.670452833175659,0.5504528331756591,0.5504528331756591
densenet121,concat,mlp,117,30,photos/top_view_images/P3030452.JPG,photos/side_view_images/P3030807.JPG,3.18,3.18,3.309821605682373,0.1298216056823729,0.1298216056823729
densenet121,concat,mlp,118,30,photos/top_view_images/P3030453.JPG,photos/side_view_images/P3030808.JPG,4.24,4.24,3.8412535190582275,-0.3987464809417727,0.3987464809417727
densenet121,concat,mlp,119,31,photos/top_view_images/P3030454.JPG,photos/side_view_images/P3030809.JPG,1.06,1.06,1.1055712699890137,0.04557126998901362,0.04557126998901362
densenet121,concat,mlp,120,31,photos/top_view_images/P3030455.JPG,photos/side_view_images/P3030810.JPG,2.12,2.12,1.4366226196289062,-0.6833773803710939,0.6833773803710939
densenet121,concat,mlp,121,31,photos/top_view_images/P3030456.JPG,photos/side_view_images/P3030811.JPG,3.18,3.18,2.890247344970703,-0.28975265502929703,0.28975265502929703
densenet121,concat,mlp,122,31,photos/top_view_images/P3030457.JPG,photos/side_view_images/P3030812.JPG,4.24,4.24,4.0348052978515625,-0.2051947021484377,0.2051947021484377
densenet121,concat,mlp,123,32,photos/top_view_images/P3050458.JPG,photos/side_view_images/P3050813.JPG,1.06,1.06,1.4644125699996948,0.40441256999969477,0.40441256999969477
densenet121,concat,mlp,124,32,photos/top_view_images/P3050459.JPG,photos/side_view_images/P3050814.JPG,2.12,2.12,3.075709581375122,0.955709581375122,0.955709581375122
densenet121,concat,mlp,125,32,photos/top_view_images/P3050460.JPG,photos/side_view_images/P3050815.JPG,3.18,3.18,4.039420127868652,0.8594201278686522,0.8594201278686522
densenet121,concat,mlp,126,32,photos/top_view_images/P3050462.JPG,photos/side_view_images/P3050817.JPG,4.24,4.24,4.631900787353516,0.3919007873535154,0.3919007873535154
densenet121,concat,mlp,127,33,photos/top_view_images/P3050463.JPG,photos/side_view_images/P3050818.JPG,1.06,1.06,1.1342310905456543,0.07423109054565424,0.07423109054565424
densenet121,concat,mlp,128,33,photos/top_view_images/P3050464.JPG,photos/side_view_images/P3050819.JPG,2.12,2.12,2.08992075920105,-0.030079240798950302,0.030079240798950302
densenet121,concat,mlp,129,34,photos/top_view_images/P3050467.JPG,photos/side_view_images/P3050823.JPG,1.06,1.06,1.8989381790161133,0.8389381790161132,0.8389381790161132
densenet121,concat,mlp,130,34,photos/top_view_images/P3050468.JPG,photos/side_view_images/P3050824.JPG,2.12,2.12,2.8535265922546387,0.7335265922546386,0.7335265922546386
densenet121,concat,mlp,131,34,photos/top_view_images/P3050469.JPG,photos/side_view_images/P3050825.JPG,3.18,3.18,3.4028782844543457,0.22287828445434554,0.22287828445434554
densenet121,concat,mlp,132,34,photos/top_view_images/P3050470.JPG,photos/side_view_images/P3050826.JPG,4.24,4.24,4.517136096954346,0.2771360969543455,0.2771360969543455
densenet121,concat,mlp,133,35,photos/top_view_images/P3050471.JPG,photos/side_view_images/P3050827.JPG,1.06,1.06,1.049974799156189,-0.010025200843811088,0.010025200843811088
densenet121,concat,mlp,134,35,photos/top_view_images/P3050472.JPG,photos/side_view_images/P3050828.JPG,2.12,2.12,2.403644561767578,0.283644561767578,0.283644561767578
densenet121,concat,mlp,135,35,photos/top_view_images/P3050473.JPG,photos/side_view_images/P3050829.JPG,3.18,3.18,3.4982964992523193,0.3182964992523192,0.3182964992523192
densenet121,concat,mlp,136,35,photos/top_view_images/P3050474.JPG,photos/side_view_images/P3050830.JPG,4.24,4.24,4.009273529052734,-0.23072647094726584,0.23072647094726584
densenet121,concat,mlp,137,36,photos/top_view_images/P3050475.JPG,photos/side_view_images/P3050831.JPG,1.06,1.06,1.1135083436965942,0.053508343696594185,0.053508343696594185
densenet121,concat,mlp,138,36,photos/top_view_images/P3050476.JPG,photos/side_view_images/P3050832.JPG,2.12,2.12,2.314997911453247,0.19499791145324696,0.19499791145324696
densenet121,concat,mlp,139,36,photos/top_view_images/P3050477.JPG,photos/side_view_images/P3050833.JPG,3.18,3.18,2.933685302734375,-0.24631469726562516,0.24631469726562516
densenet121,concat,mlp,140,36,photos/top_view_images/P3050478.JPG,photos/side_view_images/P3050834.JPG,4.24,4.24,3.8233442306518555,-0.41665576934814474,0.41665576934814474
densenet121,concat,mlp,141,37,photos/top_view_images/P3050479.JPG,photos/side_view_images/P3050835.JPG,1.06,1.06,1.5948084592819214,0.5348084592819213,0.5348084592819213
densenet121,concat,mlp,142,37,photos/top_view_images/P3050480.JPG,photos/side_view_images/P3050836.JPG,2.12,2.12,2.4749279022216797,0.3549279022216796,0.3549279022216796
densenet121,concat,mlp,143,37,photos/top_view_images/P3050481.JPG,photos/side_view_images/P3050837.JPG,3.18,3.18,3.6559770107269287,0.47597701072692855,0.47597701072692855
densenet121,concat,mlp,144,37,photos/top_view_images/P3050482.JPG,photos/side_view_images/P3050838.JPG,4.24,4.24,3.805868625640869,-0.4341313743591311,0.4341313743591311
densenet121,concat,mlp,145,38,photos/top_view_images/P3050484.JPG,photos/side_view_images/P3050840.JPG,1.06,1.06,1.2278449535369873,0.16784495353698725,0.16784495353698725
densenet121,concat,mlp,146,38,photos/top_view_images/P3050485.JPG,photos/side_view_images/P3050841.JPG,2.12,2.12,1.959625244140625,-0.1603747558593751,0.1603747558593751
densenet121,concat,mlp,147,38,photos/top_view_images/P3050486.JPG,photos/side_view_images/P3050842.JPG,3.18,3.18,2.8674235343933105,-0.3125764656066896,0.3125764656066896
densenet121,concat,mlp,148,38,photos/top_view_images/P3050487.JPG,photos/side_view_images/P3050843.JPG,4.24,4.24,3.8252530097961426,-0.41474699020385764,0.41474699020385764
densenet121,concat,mlp,149,39,photos/top_view_images/P3050488.JPG,photos/side_view_images/P3050844.JPG,1.06,1.06,1.4284217357635498,0.36842173576354975,0.36842173576354975
densenet121,concat,mlp,150,39,photos/top_view_images/P3050489.JPG,photos/side_view_images/P3050845.JPG,2.12,2.12,2.6377112865448,0.5177112865447997,0.5177112865447997
densenet121,concat,mlp,151,39,photos/top_view_images/P3050490.JPG,photos/side_view_images/P3050846.JPG,3.18,3.18,3.975236654281616,0.795236654281616,0.795236654281616
densenet121,concat,mlp,152,39,photos/top_view_images/P3050491.JPG,photos/side_view_images/P3050847.JPG,4.24,4.24,4.527993202209473,0.28799320220947244,0.28799320220947244
densenet121,concat,mlp,153,40,photos/top_view_images/P3050492.JPG,photos/side_view_images/P3050848.JPG,1.06,1.06,1.2420116662979126,0.18201166629791254,0.18201166629791254
densenet121,concat,mlp,154,40,photos/top_view_images/P3050493.JPG,photos/side_view_images/P3050849.JPG,2.12,2.12,2.1925833225250244,0.07258332252502431,0.07258332252502431
densenet121,concat,mlp,155,40,photos/top_view_images/P3050494.JPG,photos/side_view_images/P3050850.JPG,3.18,3.18,3.203993558883667,0.023993558883666832,0.023993558883666832
densenet121,concat,mlp,156,40,photos/top_view_images/P3050495.JPG,photos/side_view_images/P3050851.JPG,4.24,4.24,3.44111704826355,-0.7988829517364504,0.7988829517364504
densenet121,concat,mlp,157,41,photos/top_view_images/P3050496.JPG,photos/side_view_images/P3050852.JPG,1.06,1.06,1.3053559064865112,0.24535590648651118,0.24535590648651118
densenet121,concat,mlp,158,41,photos/top_view_images/P3050497.JPG,photos/side_view_images/P3050853.JPG,2.12,2.12,1.6775020360946655,-0.4424979639053346,0.4424979639053346
densenet121,concat,mlp,159,41,photos/top_view_images/P3050498.JPG,photos/side_view_images/P3050854.JPG,3.18,3.18,2.8170981407165527,-0.3629018592834474,0.3629018592834474
densenet121,concat,mlp,160,41,photos/top_view_images/P3050499.JPG,photos/side_view_images/P3050855.JPG,4.24,4.24,4.178274631500244,-0.06172536849975607,0.06172536849975607
densenet121,concat,mlp,161,42,photos/top_view_images/P3050500.JPG,photos/side_view_images/P3050857.JPG,2.12,2.12,1.6058263778686523,-0.5141736221313478,0.5141736221313478
densenet121,concat,mlp,162,42,photos/top_view_images/P3050501.JPG,photos/side_view_images/P3050858.JPG,3.18,3.18,2.609471082687378,-0.5705289173126222,0.5705289173126222
densenet121,concat,mlp,163,43,photos/top_view_images/P3060503.JPG,photos/side_view_images/P3060859.JPG,1.06,1.06,0.9421634078025818,-0.11783659219741827,0.11783659219741827
densenet121,concat,mlp,164,43,photos/top_view_images/P3060504.JPG,photos/side_view_images/P3060860.JPG,2.12,2.12,2.335658550262451,0.21565855026245107,0.21565855026245107
densenet121,concat,mlp,165,43,photos/top_view_images/P3060505.JPG,photos/side_view_images/P3060861.JPG,3.18,3.18,2.7500529289245605,-0.4299470710754396,0.4299470710754396
densenet121,concat,mlp,166,43,photos/top_view_images/P3060506.JPG,photos/side_view_images/P3060862.JPG,4.24,4.24,3.422370433807373,-0.8176295661926272,0.8176295661926272
densenet121,concat,mlp,167,44,photos/top_view_images/P3060507.JPG,photos/side_view_images/P3060863.JPG,1.06,1.06,1.1452147960662842,0.08521479606628413,0.08521479606628413
densenet121,concat,mlp,168,44,photos/top_view_images/P3060508.JPG,photos/side_view_images/P3060864.JPG,2.12,2.12,2.1946802139282227,0.07468021392822255,0.07468021392822255
densenet121,concat,mlp,169,44,photos/top_view_images/P3060509.JPG,photos/side_view_images/P3060865.JPG,3.18,3.18,3.032947540283203,-0.14705245971679703,0.14705245971679703
densenet121,concat,mlp,170,44,photos/top_view_images/P3060510.JPG,photos/side_view_images/P3060866.JPG,4.24,4.24,3.45453143119812,-0.7854685688018801,0.7854685688018801
densenet121,concat,mlp,171,45,photos/top_view_images/P3060511.JPG,photos/side_view_images/P3060867.JPG,1.06,1.06,1.1067370176315308,0.04673701763153071,0.04673701763153071
densenet121,concat,mlp,172,45,photos/top_view_images/P3060512.JPG,photos/side_view_images/P3060868.JPG,2.12,2.12,1.744304895401001,-0.37569510459899913,0.37569510459899913
densenet121,concat,mlp,173,45,photos/top_view_images/P3060513.JPG,photos/side_view_images/P3060869.JPG,3.18,3.18,2.876633405685425,-0.30336659431457536,0.30336659431457536
densenet121,concat,mlp,174,45,photos/top_view_images/P3060514.JPG,photos/side_view_images/P3060870.JPG,4.24,4.24,3.94512677192688,-0.29487322807312033,0.29487322807312033
densenet121,concat,mlp,175,46,photos/top_view_images/P3060515.JPG,photos/side_view_images/P3060871.JPG,1.06,1.06,1.185538411140442,0.12553841114044184,0.12553841114044184
densenet121,concat,mlp,176,46,photos/top_view_images/P3060516.JPG,photos/side_view_images/P3060872.JPG,2.12,2.12,1.9423824548721313,-0.17761754512786876,0.17761754512786876
densenet121,concat,mlp,177,46,photos/top_view_images/P3060517.JPG,photos/side_view_images/P3060873.JPG,3.18,3.18,2.9131722450256348,-0.2668277549743654,0.2668277549743654
densenet121,concat,mlp,178,46,photos/top_view_images/P3060518.JPG,photos/side_view_images/P3060874.JPG,4.24,4.24,3.336651563644409,-0.903348436355591,0.903348436355591
densenet121,concat,mlp,179,47,photos/top_view_images/P3060519.JPG,photos/side_view_images/P3060875.JPG,1.06,1.06,1.5830270051956177,0.5230270051956176,0.5230270051956176
densenet121,concat,mlp,180,47,photos/top_view_images/P3060520.JPG,photos/side_view_images/P3060876.JPG,2.12,2.12,2.633206367492676,0.5132063674926757,0.5132063674926757
densenet121,concat,mlp,181,47,photos/top_view_images/P3060521.JPG,photos/side_view_images/P3060877.JPG,3.18,3.18,3.1700305938720703,-0.009969406127929847,0.009969406127929847
densenet121,concat,mlp,182,47,photos/top_view_images/P3060522.JPG,photos/side_view_images/P3060878.JPG,4.24,4.24,3.2924113273620605,-0.9475886726379397,0.9475886726379397
densenet121,concat,mlp,183,48,photos/top_view_images/P3060523.JPG,photos/side_view_images/P3060879.JPG,1.06,1.06,1.3662922382354736,0.3062922382354736,0.3062922382354736
densenet121,concat,mlp,184,48,photos/top_view_images/P3060524.JPG,photos/side_view_images/P3060880.JPG,2.12,2.12,2.1493654251098633,0.029365425109863175,0.029365425109863175
densenet121,concat,mlp,185,48,photos/top_view_images/P3060525.JPG,photos/side_view_images/P3060881.JPG,3.18,3.18,2.645751953125,-0.5342480468750002,0.5342480468750002
densenet121,concat,mlp,186,48,photos/top_view_images/P3060526.JPG,photos/side_view_images/P3060882.JPG,4.24,4.24,2.9776926040649414,-1.2623073959350588,1.2623073959350588
densenet121,concat,mlp,187,49,photos/top_view_images/P3060527.JPG,photos/side_view_images/P3060883.JPG,1.06,1.06,1.1394054889678955,0.07940548896789545,0.07940548896789545
densenet121,concat,mlp,188,49,photos/top_view_images/P3060528.JPG,photos/side_view_images/P3060884.JPG,2.12,2.12,2.225621223449707,0.10562122344970692,0.10562122344970692
densenet121,concat,mlp,189,49,photos/top_view_images/P3060529.JPG,photos/side_view_images/P3060885.JPG,3.18,3.18,2.758812189102173,-0.4211878108978273,0.4211878108978273
densenet121,concat,mlp,190,49,photos/top_view_images/P3060530.JPG,photos/side_view_images/P3060886.JPG,4.24,4.24,3.3102006912231445,-0.9297993087768557,0.9297993087768557
densenet121,concat,mlp,191,50,photos/top_view_images/P3060531.JPG,photos/side_view_images/P3060887.JPG,1.06,1.06,1.9240461587905884,0.8640461587905883,0.8640461587905883
densenet121,concat,mlp,192,50,photos/top_view_images/P3060532.JPG,photos/side_view_images/P3060888.JPG,2.12,2.12,2.778815269470215,0.6588152694702147,0.6588152694702147
densenet121,concat,mlp,193,50,photos/top_view_images/P3060533.JPG,photos/side_view_images/P3060889.JPG,3.18,3.18,3.4030768871307373,0.22307688713073714,0.22307688713073714
densenet121,concat,mlp,194,50,photos/top_view_images/P3060534.JPG,photos/side_view_images/P3060890.JPG,4.24,4.24,4.289281368255615,0.04928136825561502,0.04928136825561502
densenet121,concat,mlp,195,51,photos/top_view_images/P3060535.JPG,photos/side_view_images/P3060891.JPG,1.06,1.06,1.1789666414260864,0.11896664142608637,0.11896664142608637
densenet121,concat,mlp,196,51,photos/top_view_images/P3060536.JPG,photos/side_view_images/P3060892.JPG,2.12,2.12,2.137596845626831,0.017596845626830948,0.017596845626830948
densenet121,concat,mlp,197,51,photos/top_view_images/P3060537.JPG,photos/side_view_images/P3060893.JPG,3.18,3.18,2.806903123855591,-0.37309687614440934,0.37309687614440934
densenet121,concat,mlp,198,51,photos/top_view_images/P3060538.JPG,photos/side_view_images/P3060894.JPG,4.24,4.24,3.2257659435272217,-1.0142340564727785,1.0142340564727785
densenet121,concat,mlp,199,52,photos/top_view_images/P3060539.JPG,photos/side_view_images/P3060895.JPG,1.06,1.06,1.380250096321106,0.3202500963211059,0.3202500963211059
densenet121,concat,mlp,200,52,photos/top_view_images/P3060540.JPG,photos/side_view_images/P3060896.JPG,2.12,2.12,2.8435897827148438,0.7235897827148436,0.7235897827148436
densenet121,concat,mlp,201,52,photos/top_view_images/P3060541.JPG,photos/side_view_images/P3060897.JPG,3.18,3.18,3.8118138313293457,0.6318138313293455,0.6318138313293455
densenet121,concat,mlp,202,52,photos/top_view_images/P3060542.JPG,photos/side_view_images/P3060898.JPG,4.24,4.24,4.414532661437988,0.17453266143798807,0.17453266143798807
densenet121,concat,mlp,203,53,photos/top_view_images/P3060543.JPG,photos/side_view_images/P3060899.JPG,1.06,1.06,1.183366298675537,0.12336629867553706,0.12336629867553706
densenet121,concat,mlp,204,53,photos/top_view_images/P3060544.JPG,photos/side_view_images/P3060900.JPG,2.12,2.12,2.1524574756622314,0.03245747566223134,0.03245747566223134
densenet121,concat,mlp,205,53,photos/top_view_images/P3060545.JPG,photos/side_view_images/P3060901.JPG,3.18,3.18,2.450814723968506,-0.7291852760314943,0.7291852760314943
densenet121,concat,mlp,206,53,photos/top_view_images/P3060546.JPG,photos/side_view_images/P3060902.JPG,4.24,4.24,3.4899778366088867,-0.7500221633911135,0.7500221633911135
densenet121,concat,mlp,207,54,photos/top_view_images/P3060547.JPG,photos/side_view_images/P3060903.JPG,1.06,1.06,1.6611720323562622,0.6011720323562622,0.6011720323562622
densenet121,concat,mlp,208,54,photos/top_view_images/P3060548.JPG,photos/side_view_images/P3060904.JPG,2.12,2.12,2.977879285812378,0.8578792858123778,0.8578792858123778
densenet121,concat,mlp,209,54,photos/top_view_images/P3060549.JPG,photos/side_view_images/P3060905.JPG,3.18,3.18,3.3412814140319824,0.16128141403198226,0.16128141403198226
densenet121,concat,mlp,210,55,photos/top_view_images/P3060550.JPG,photos/side_view_images/P3060906.JPG,1.06,1.06,1.4218107461929321,0.3618107461929321,0.3618107461929321
densenet121,concat,mlp,211,55,photos/top_view_images/P3060551.JPG,photos/side_view_images/P3060907.JPG,2.12,2.12,2.426405668258667,0.3064056682586669,0.3064056682586669
densenet121,concat,mlp,212,55,photos/top_view_images/P3060552.JPG,photos/side_view_images/P3060908.JPG,3.18,3.18,3.262220859527588,0.08222085952758773,0.08222085952758773
densenet121,concat,mlp,213,55,photos/top_view_images/P3060553.JPG,photos/side_view_images/P3060909.JPG,4.24,4.24,3.8843281269073486,-0.3556718730926516,0.3556718730926516
densenet121,concat,mlp,214,56,photos/top_view_images/P3060554.JPG,photos/side_view_images/P3060910.JPG,1.06,1.06,1.1120243072509766,0.05202430725097651,0.05202430725097651
densenet121,concat,mlp,215,56,photos/top_view_images/P3060555.JPG,photos/side_view_images/P3060911.JPG,2.12,2.12,2.6766576766967773,0.5566576766967772,0.5566576766967772
densenet121,concat,mlp,216,56,photos/top_view_images/P3060556.JPG,photos/side_view_images/P3060912.JPG,3.18,3.18,2.897176742553711,-0.2828232574462892,0.2828232574462892
densenet121,concat,mlp,217,57,photos/top_view_images/P3090558.JPG,photos/side_view_images/P3090914.JPG,1.06,1.06,1.0884456634521484,0.028445663452148384,0.028445663452148384
densenet121,concat,mlp,218,57,photos/top_view_images/P3090559.JPG,photos/side_view_images/P3090915.JPG,2.12,2.12,1.5958919525146484,-0.5241080474853517,0.5241080474853517
densenet121,concat,mlp,219,57,photos/top_view_images/P3090560.JPG,photos/side_view_images/P3090916.JPG,3.18,3.18,2.169614791870117,-1.010385208129883,1.010385208129883
densenet121,concat,mlp,220,57,photos/top_view_images/P3090561.JPG,photos/side_view_images/P3090917.JPG,4.24,4.24,4.07365608215332,-0.1663439178466799,0.1663439178466799
densenet121,concat,mlp,221,58,photos/top_view_images/P3090562.JPG,photos/side_view_images/P3090918.JPG,1.06,1.06,1.2614543437957764,0.20145434379577631,0.20145434379577631
densenet121,concat,mlp,222,58,photos/top_view_images/P3090563.JPG,photos/side_view_images/P3090919.JPG,2.12,2.12,2.297398805618286,0.17739880561828603,0.17739880561828603
densenet121,concat,mlp,223,58,photos/top_view_images/P3090564.JPG,photos/side_view_images/P3090920.JPG,3.18,3.18,3.074967861175537,-0.10503213882446305,0.10503213882446305
densenet121,concat,mlp,224,58,photos/top_view_images/P3090565.JPG,photos/side_view_images/P3090921.JPG,4.24,4.24,4.355112552642822,0.11511255264282205,0.11511255264282205
densenet121,concat,mlp,225,59,photos/top_view_images/P3090566.JPG,photos/side_view_images/P3090922.JPG,1.06,1.06,1.0292073488235474,-0.03079265117645269,0.03079265117645269
densenet121,concat,mlp,226,59,photos/top_view_images/P3090567.JPG,photos/side_view_images/P3090923.JPG,2.12,2.12,1.7477600574493408,-0.3722399425506593,0.3722399425506593
densenet121,concat,mlp,227,59,photos/top_view_images/P3090568.JPG,photos/side_view_images/P3090924.JPG,3.18,3.18,3.0353922843933105,-0.1446077156066896,0.1446077156066896
densenet121,concat,mlp,228,59,photos/top_view_images/P3090569.JPG,photos/side_view_images/P3090925.JPG,4.24,4.24,3.4217967987060547,-0.8182032012939455,0.8182032012939455
densenet121,concat,mlp,229,60,photos/top_view_images/P3090570.JPG,photos/side_view_images/P3090926.JPG,1.06,1.06,1.2933945655822754,0.23339456558227534,0.23339456558227534
densenet121,concat,mlp,230,60,photos/top_view_images/P3090571.JPG,photos/side_view_images/P3090927.JPG,2.12,2.12,1.940896987915039,-0.17910301208496104,0.17910301208496104
densenet121,concat,mlp,231,60,photos/top_view_images/P3090572.JPG,photos/side_view_images/P3090928.JPG,3.18,3.18,3.05359148979187,-0.12640851020813004,0.12640851020813004
densenet121,concat,mlp,232,60,photos/top_view_images/P3090573.JPG,photos/side_view_images/P3090929.JPG,4.24,4.24,4.377601623535156,0.13760162353515604,0.13760162353515604
densenet121,concat,mlp,233,61,photos/top_view_images/P3090574.JPG,photos/side_view_images/P3090930.JPG,1.06,1.06,0.9299715161323547,-0.13002848386764532,0.13002848386764532
densenet121,concat,mlp,234,61,photos/top_view_images/P3090575.JPG,photos/side_view_images/P3090931.JPG,2.12,2.12,1.9301180839538574,-0.18988191604614268,0.18988191604614268
densenet121,concat,mlp,235,61,photos/top_view_images/P3090576.JPG,photos/side_view_images/P3090932.JPG,3.18,3.18,2.4703941345214844,-0.7096058654785158,0.7096058654785158
densenet121,concat,mlp,236,61,photos/top_view_images/P3090577.JPG,photos/side_view_images/P3090933.JPG,4.24,4.24,3.3573293685913086,-0.8826706314086916,0.8826706314086916
densenet121,concat,mlp,237,62,photos/top_view_images/P3090578.JPG,photos/side_view_images/P3090934.JPG,1.06,1.06,1.6113131046295166,0.5513131046295165,0.5513131046295165
densenet121,concat,mlp,238,62,photos/top_view_images/P3090579.JPG,photos/side_view_images/P3090935.JPG,2.12,2.12,2.5953245162963867,0.4753245162963866,0.4753245162963866
densenet121,concat,mlp,239,62,photos/top_view_images/P3090580.JPG,photos/side_view_images/P3090936.JPG,3.18,3.18,3.670729875564575,0.49072987556457504,0.49072987556457504
densenet121,concat,mlp,240,62,photos/top_view_images/P3090581.JPG,photos/side_view_images/P3090937.JPG,4.24,4.24,4.338216304779053,0.09821630477905252,0.09821630477905252
densenet121,concat,mlp,241,63,photos/top_view_images/P3090582.JPG,photos/side_view_images/P3090938.JPG,1.06,1.06,1.439131259918213,0.37913125991821284,0.37913125991821284
densenet121,concat,mlp,242,63,photos/top_view_images/P3090583.JPG,photos/side_view_images/P3090939.JPG,3.18,3.18,3.0025954246520996,-0.17740457534790055,0.17740457534790055
densenet121,concat,mlp,243,63,photos/top_view_images/P3090584.JPG,photos/side_view_images/P3090940.JPG,4.24,4.24,3.857837438583374,-0.3821625614166262,0.3821625614166262
densenet121,concat,mlp,244,64,photos/top_view_images/P3090585.JPG,photos/side_view_images/P3090941.JPG,1.06,1.06,1.4259637594223022,0.3659637594223022,0.3659637594223022
densenet121,concat,mlp,245,64,photos/top_view_images/P3090586.JPG,photos/side_view_images/P3090942.JPG,2.12,2.12,1.8797715902328491,-0.24022840976715099,0.24022840976715099
densenet121,concat,mlp,246,64,photos/top_view_images/P3090587.JPG,photos/side_view_images/P3090943.JPG,3.18,3.18,3.5144972801208496,0.33449728012084945,0.33449728012084945
densenet121,concat,mlp,247,64,photos/top_view_images/P3090588.JPG,photos/side_view_images/P3090944.JPG,4.24,4.24,3.745466947555542,-0.4945330524444582,0.4945330524444582
densenet121,concat,mlp,248,65,photos/top_view_images/P3090589.JPG,photos/side_view_images/P3090945.JPG,1.06,1.06,1.2464213371276855,0.1864213371276855,0.1864213371276855
densenet121,concat,mlp,249,65,photos/top_view_images/P3090590.JPG,photos/side_view_images/P3090946.JPG,2.12,2.12,2.220759630203247,0.10075963020324696,0.10075963020324696
densenet121,concat,mlp,250,65,photos/top_view_images/P3090591.JPG,photos/side_view_images/P3090947.JPG,3.18,3.18,3.617216110229492,0.437216110229492,0.437216110229492
densenet121,concat,mlp,251,65,photos/top_view_images/P3090592.JPG,photos/side_view_images/P3090948.JPG,4.24,4.24,5.121118068695068,0.8811180686950681,0.8811180686950681
densenet121,concat,mlp,252,66,photos/top_view_images/P3090593.JPG,photos/side_view_images/P3090949.JPG,1.06,1.06,1.284420132637024,0.22442013263702387,0.22442013263702387
densenet121,concat,mlp,253,66,photos/top_view_images/P3090594.JPG,photos/side_view_images/P3090950.JPG,2.12,2.12,1.993836760520935,-0.12616323947906505,0.12616323947906505
densenet121,concat,mlp,254,66,photos/top_view_images/P3090596.JPG,photos/side_view_images/P3090952.JPG,3.18,3.18,2.7475321292877197,-0.43246787071228043,0.43246787071228043
densenet121,concat,mlp,255,66,photos/top_view_images/P3090597.JPG,photos/side_view_images/P3090953.JPG,4.24,4.24,4.20614767074585,-0.033852329254150604,0.033852329254150604
densenet121,concat,mlp,256,67,photos/top_view_images/P3090598.JPG,photos/side_view_images/P3090954.JPG,1.06,1.06,1.01041841506958,-0.049581584930419975,0.049581584930419975
densenet121,concat,mlp,257,67,photos/top_view_images/P3090599.JPG,photos/side_view_images/P3090955.JPG,2.12,2.12,1.6463067531585693,-0.47369324684143077,0.47369324684143077
densenet121,concat,mlp,258,67,photos/top_view_images/P3090600.JPG,photos/side_view_images/P3090956.JPG,3.18,3.18,3.1125001907348633,-0.06749980926513688,0.06749980926513688
densenet121,concat,mlp,259,67,photos/top_view_images/P3090601.JPG,photos/side_view_images/P3090957.JPG,4.24,4.24,3.4680395126342773,-0.7719604873657229,0.7719604873657229
densenet121,concat,mlp,260,68,photos/top_view_images/P3090602.JPG,photos/side_view_images/P3090958.JPG,1.06,1.06,1.545337200164795,0.48533720016479487,0.48533720016479487
densenet121,concat,mlp,261,68,photos/top_view_images/P3090603.JPG,photos/side_view_images/P3090959.JPG,2.12,2.12,2.365412712097168,0.24541271209716786,0.24541271209716786
densenet121,concat,mlp,262,68,photos/top_view_images/P3090604.JPG,photos/side_view_images/P3090960.JPG,3.18,3.18,3.705838203430176,0.5258382034301756,0.5258382034301756
densenet121,concat,mlp,263,68,photos/top_view_images/P3090605.JPG,photos/side_view_images/P3090961.JPG,4.24,4.24,4.301944732666016,0.06194473266601541,0.06194473266601541
densenet121,concat,mlp,264,69,photos/top_view_images/P3090606.JPG,photos/side_view_images/P3090962.JPG,1.06,1.06,1.3403643369674683,0.2803643369674682,0.2803643369674682
densenet121,concat,mlp,265,69,photos/top_view_images/P3090607.JPG,photos/side_view_images/P3090963.JPG,2.12,2.12,1.8931580781936646,-0.22684192180633556,0.22684192180633556
densenet121,concat,mlp,266,69,photos/top_view_images/P3090608.JPG,photos/side_view_images/P3090964.JPG,3.18,3.18,3.2683913707733154,0.08839137077331527,0.08839137077331527
densenet121,concat,mlp,267,69,photos/top_view_images/P3090609.JPG,photos/side_view_images/P3090965.JPG,4.24,4.24,4.434551239013672,0.19455123901367166,0.19455123901367166
densenet121,concat,mlp,268,70,photos/top_view_images/P3090610.JPG,photos/side_view_images/P3090966.JPG,1.06,1.06,0.9103623032569885,-0.14963769674301153,0.14963769674301153
densenet121,concat,mlp,269,70,photos/top_view_images/P3090612.JPG,photos/side_view_images/P3090967.JPG,2.12,2.12,2.455305814743042,0.3353058147430419,0.3353058147430419
densenet121,concat,mlp,270,70,photos/top_view_images/P3090613.JPG,photos/side_view_images/P3090968.JPG,3.18,3.18,2.882201671600342,-0.29779832839965836,0.29779832839965836
densenet121,concat,mlp,271,70,photos/top_view_images/P3090614.JPG,photos/side_view_images/P3090969.JPG,4.24,4.24,4.104794025421143,-0.13520597457885764,0.13520597457885764
densenet121,concat,mlp,272,71,photos/top_view_images/P3090615.JPG,photos/side_view_images/P3090970.JPG,1.06,1.06,1.2621437311172485,0.20214373111724848,0.20214373111724848
densenet121,concat,mlp,273,71,photos/top_view_images/P3090616.JPG,photos/side_view_images/P3090971.JPG,2.12,2.12,2.2595701217651367,0.1395701217651366,0.1395701217651366
densenet121,concat,mlp,274,71,photos/top_view_images/P3090617.JPG,photos/side_view_images/P3090972.JPG,3.18,3.18,3.1817541122436523,0.0017541122436521839,0.0017541122436521839
densenet121,concat,mlp,275,71,photos/top_view_images/P3090618.JPG,photos/side_view_images/P3090973.JPG,4.24,4.24,4.822719573974609,0.5827195739746092,0.5827195739746092
densenet121,concat,mlp,276,72,photos/top_view_images/P3090619.JPG,photos/side_view_images/P3090974.JPG,1.06,1.06,0.9277076125144958,-0.1322923874855042,0.1322923874855042
densenet121,concat,mlp,277,72,photos/top_view_images/P3090620.JPG,photos/side_view_images/P3090975.JPG,2.12,2.12,1.7372000217437744,-0.3827999782562257,0.3827999782562257
densenet121,concat,mlp,278,72,photos/top_view_images/P3090621.JPG,photos/side_view_images/P3090976.JPG,3.18,3.18,2.3698997497558594,-0.8101002502441408,0.8101002502441408
densenet121,concat,mlp,279,72,photos/top_view_images/P3090622.JPG,photos/side_view_images/P3090977.JPG,4.24,4.24,3.340353488922119,-0.8996465110778811,0.8996465110778811
densenet121,concat,mlp,280,73,photos/top_view_images/P3090623.JPG,photos/side_view_images/P3090978.JPG,1.06,1.06,1.04909086227417,-0.010909137725830131,0.010909137725830131
densenet121,concat,mlp,281,73,photos/top_view_images/P3090624.JPG,photos/side_view_images/P3090979.JPG,2.12,2.12,2.264242172241211,0.14424217224121083,0.14424217224121083
densenet121,concat,mlp,282,73,photos/top_view_images/P3090625.JPG,photos/side_view_images/P3090980.JPG,3.18,3.18,3.5656473636627197,0.38564736366271957,0.38564736366271957
densenet121,concat,mlp,283,73,photos/top_view_images/P3090626.JPG,photos/side_view_images/P3090981.JPG,4.24,4.24,4.115384101867676,-0.12461589813232443,0.12461589813232443
densenet121,concat,mlp,284,74,photos/top_view_images/P3090627.JPG,photos/side_view_images/P3090982.JPG,1.06,1.06,1.140929102897644,0.08092910289764399,0.08092910289764399
densenet121,concat,mlp,285,74,photos/top_view_images/P3090628.JPG,photos/side_view_images/P3090983.JPG,2.12,2.12,2.146326780319214,0.02632678031921376,0.02632678031921376
densenet121,concat,mlp,286,74,photos/top_view_images/P3090629.JPG,photos/side_view_images/P3090984.JPG,3.18,3.18,2.87975811958313,-0.3002418804168703,0.3002418804168703
densenet121,concat,mlp,287,74,photos/top_view_images/P3090630.JPG,photos/side_view_images/P3090985.JPG,4.24,4.24,3.8260462284088135,-0.41395377159118674,0.41395377159118674
densenet121,concat,mlp,288,75,photos/top_view_images/P3100631.JPG,photos/side_view_images/P3100986.JPG,1.06,1.06,1.1020216941833496,0.042021694183349556,0.042021694183349556
densenet121,concat,mlp,289,75,photos/top_view_images/P3100632.JPG,photos/side_view_images/P3100987.JPG,2.12,2.12,1.9739513397216797,-0.14604866027832042,0.14604866027832042
densenet121,concat,mlp,290,75,photos/top_view_images/P3100633.JPG,photos/side_view_images/P3100988.JPG,3.18,3.18,2.514312744140625,-0.6656872558593752,0.6656872558593752
densenet121,concat,mlp,291,75,photos/top_view_images/P3100634.JPG,photos/side_view_images/P3100989.JPG,4.24,4.24,3.690185785293579,-0.5498142147064211,0.5498142147064211
densenet121,concat,mlp,292,76,photos/top_view_images/P3100635.JPG,photos/side_view_images/P3100990.JPG,1.06,1.06,1.3228918313980103,0.2628918313980102,0.2628918313980102
densenet121,concat,mlp,293,76,photos/top_view_images/P3100636.JPG,photos/side_view_images/P3100991.JPG,2.12,2.12,2.2145802974700928,0.09458029747009267,0.09458029747009267
densenet121,concat,mlp,294,76,photos/top_view_images/P3100637.JPG,photos/side_view_images/P3100992.JPG,3.18,3.18,3.417407274246216,0.23740727424621566,0.23740727424621566
densenet121,concat,mlp,295,76,photos/top_view_images/P3100638.JPG,photos/side_view_images/P3100993.JPG,4.24,4.24,4.680925369262695,0.4409253692626951,0.4409253692626951
densenet121,concat,mlp,296,77,photos/top_view_images/P3100639.JPG,photos/side_view_images/P3100994.JPG,1.06,1.06,1.150024652481079,0.09002465248107905,0.09002465248107905
densenet121,concat,mlp,297,77,photos/top_view_images/P3100640.JPG,photos/side_view_images/P3100995.JPG,2.12,2.12,1.5625276565551758,-0.5574723434448243,0.5574723434448243
densenet121,concat,mlp,298,77,photos/top_view_images/P3100641.JPG,photos/side_view_images/P3100996.JPG,3.18,3.18,3.407012939453125,0.22701293945312484,0.22701293945312484
densenet121,concat,mlp,299,78,photos/top_view_images/P3100643.JPG,photos/side_view_images/P3100997.JPG,1.06,1.06,1.3566313982009888,0.2966313982009887,0.2966313982009887
densenet121,concat,mlp,300,78,photos/top_view_images/P3100644.JPG,photos/side_view_images/P3100998.JPG,2.12,2.12,2.346449375152588,0.22644937515258778,0.22644937515258778
densenet121,concat,mlp,301,78,photos/top_view_images/P3100645.JPG,photos/side_view_images/P3100999.JPG,3.18,3.18,3.3760313987731934,0.1960313987731932,0.1960313987731932
densenet121,concat,mlp,302,78,photos/top_view_images/P3100646.JPG,photos/side_view_images/P3101000.JPG,4.24,4.24,4.472822189331055,0.23282218933105447,0.23282218933105447
densenet121,concat,mlp,303,79,photos/top_view_images/P3100647.JPG,photos/side_view_images/P3101001.JPG,1.06,1.06,1.4685792922973633,0.40857929229736323,0.40857929229736323
densenet121,concat,mlp,304,79,photos/top_view_images/P3100648.JPG,photos/side_view_images/P3101002.JPG,2.12,2.12,2.6748716831207275,0.5548716831207274,0.5548716831207274
densenet121,concat,mlp,305,79,photos/top_view_images/P3100649.JPG,photos/side_view_images/P3101003.JPG,3.18,3.18,4.001281261444092,0.8212812614440916,0.8212812614440916
densenet121,concat,mlp,306,80,photos/top_view_images/P3100650.JPG,photos/side_view_images/P3101004.JPG,1.06,1.06,1.9059432744979858,0.8459432744979858,0.8459432744979858
densenet121,concat,mlp,307,80,photos/top_view_images/P3100651.JPG,photos/side_view_images/P3101005.JPG,2.12,2.12,3.211174726486206,1.091174726486206,1.091174726486206
densenet121,concat,mlp,308,80,photos/top_view_images/P3100652.JPG,photos/side_view_images/P3101006.JPG,3.18,3.18,4.150825500488281,0.9708255004882811,0.9708255004882811
densenet121,concat,mlp,309,80,photos/top_view_images/P3100653.JPG,photos/side_view_images/P3101007.JPG,4.24,4.24,5.21063756942749,0.97063756942749,0.97063756942749
densenet121,concat,mlp,310,81,photos/top_view_images/P3100654.JPG,photos/side_view_images/P3101008.JPG,1.06,1.06,1.3384839296340942,0.2784839296340942,0.2784839296340942
densenet121,concat,mlp,311,81,photos/top_view_images/P3100655.JPG,photos/side_view_images/P3101009.JPG,2.12,2.12,2.6586265563964844,0.5386265563964843,0.5386265563964843
densenet121,concat,mlp,312,81,photos/top_view_images/P3100656.JPG,photos/side_view_images/P3101010.JPG,3.18,3.18,3.8119518756866455,0.6319518756866453,0.6319518756866453
densenet121,concat,mlp,313,81,photos/top_view_images/P3100657.JPG,photos/side_view_images/P3101011.JPG,4.24,4.24,4.224880218505859,-0.015119781494140838,0.015119781494140838
densenet121,concat,mlp,314,82,photos/top_view_images/P3120658.JPG,photos/side_view_images/P3121012.JPG,1.06,1.06,1.1480389833450317,0.08803898334503168,0.08803898334503168
densenet121,concat,mlp,315,82,photos/top_view_images/P3120659.JPG,photos/side_view_images/P3121013.JPG,2.12,2.12,1.8663597106933594,-0.25364028930664073,0.25364028930664073
densenet121,concat,mlp,316,82,photos/top_view_images/P3120660.JPG,photos/side_view_images/P3121014.JPG,3.18,3.18,2.737731695175171,-0.44226830482482926,0.44226830482482926
densenet121,concat,mlp,317,82,photos/top_view_images/P3120661.JPG,photos/side_view_images/P3121015.JPG,4.24,4.24,4.034090995788574,-0.205909004211426,0.205909004211426
densenet121,concat,mlp,318,83,photos/top_view_images/P3120662.JPG,photos/side_view_images/P3121016.JPG,1.06,1.06,1.2854422330856323,0.22544223308563227,0.22544223308563227
densenet121,concat,mlp,319,83,photos/top_view_images/P3120663.JPG,photos/side_view_images/P3121017.JPG,2.12,2.12,2.6095449924468994,0.4895449924468993,0.4895449924468993
densenet121,concat,mlp,320,83,photos/top_view_images/P3120664.JPG,photos/side_view_images/P3121018.JPG,3.18,3.18,3.6646041870117188,0.4846041870117186,0.4846041870117186
densenet121,concat,mlp,321,83,photos/top_view_images/P3120665.JPG,photos/side_view_images/P3121019.JPG,4.24,4.24,4.680294990539551,0.44029499053955057,0.44029499053955057
densenet121,concat,mlp,322,84,photos/top_view_images/P3120666.JPG,photos/side_view_images/P3121020.JPG,1.06,1.06,1.7157267332077026,0.6557267332077026,0.6557267332077026
densenet121,concat,mlp,323,84,photos/top_view_images/P3120667.JPG,photos/side_view_images/P3121021.JPG,2.12,2.12,3.326262950897217,1.2062629508972167,1.2062629508972167
densenet121,concat,mlp,324,84,photos/top_view_images/P3120668.JPG,photos/side_view_images/P3121022.JPG,3.18,3.18,3.606219530105591,0.42621953010559066,0.42621953010559066
densenet121,concat,mlp,325,84,photos/top_view_images/P3120669.JPG,photos/side_view_images/P3121023.JPG,4.24,4.24,4.351352214813232,0.11135221481323221,0.11135221481323221
densenet121,concat,mlp,326,85,photos/top_view_images/P3120670.JPG,photos/side_view_images/P3121024.JPG,1.06,1.06,1.0911219120025635,0.031121912002563423,0.031121912002563423
densenet121,concat,mlp,327,85,photos/top_view_images/P3120671.JPG,photos/side_view_images/P3121025.JPG,2.12,2.12,2.2309999465942383,0.11099994659423817,0.11099994659423817
densenet121,concat,mlp,328,85,photos/top_view_images/P3120672.JPG,photos/side_view_images/P3121026.JPG,3.18,3.18,3.862961530685425,0.6829615306854246,0.6829615306854246
densenet121,concat,mlp,329,85,photos/top_view_images/P3120673.JPG,photos/side_view_images/P3121027.JPG,4.24,4.24,3.1956100463867188,-1.0443899536132815,1.0443899536132815
densenet121,concat,mlp,330,86,photos/top_view_images/P3120674.JPG,photos/side_view_images/P3121028.JPG,1.06,1.06,1.1973503828048706,0.13735038280487055,0.13735038280487055
densenet121,concat,mlp,331,86,photos/top_view_images/P3120675.JPG,photos/side_view_images/P3121029.JPG,2.12,2.12,2.3425443172454834,0.2225443172454833,0.2225443172454833
densenet121,concat,mlp,332,86,photos/top_view_images/P3120676.JPG,photos/side_view_images/P3121030.JPG,3.18,3.18,2.480682373046875,-0.6993176269531252,0.6993176269531252
densenet121,concat,mlp,333,86,photos/top_view_images/P3120677.JPG,photos/side_view_images/P3121031.JPG,4.24,4.24,3.3429713249206543,-0.8970286750793459,0.8970286750793459
densenet121,concat,mlp,334,87,photos/top_view_images/P3120678.JPG,photos/side_view_images/P3121032.JPG,1.06,1.06,1.880836844444275,0.8208368444442748,0.8208368444442748
densenet121,concat,mlp,335,87,photos/top_view_images/P3120679.JPG,photos/side_view_images/P3121033.JPG,2.12,2.12,2.6524734497070312,0.5324734497070311,0.5324734497070311
densenet121,concat,mlp,336,87,photos/top_view_images/P3120680.JPG,photos/side_view_images/P3121034.JPG,3.18,3.18,3.9036569595336914,0.7236569595336912,0.7236569595336912
densenet121,concat,mlp,337,87,photos/top_view_images/P3120681.JPG,photos/side_view_images/P3121035.JPG,4.24,4.24,4.3355841636657715,0.09558416366577127,0.09558416366577127
densenet121,concat,mlp,338,88,photos/top_view_images/P3120682.JPG,photos/side_view_images/P3121036.JPG,1.06,1.06,0.9027363657951355,-0.15726363420486456,0.15726363420486456
densenet121,concat,mlp,339,88,photos/top_view_images/P3120683.JPG,photos/side_view_images/P3121037.JPG,2.12,2.12,1.766723394393921,-0.3532766056060792,0.3532766056060792
densenet121,concat,mlp,340,88,photos/top_view_images/P3120684.JPG,photos/side_view_images/P3121038.JPG,3.18,3.18,2.8323569297790527,-0.3476430702209474,0.3476430702209474
densenet121,concat,mlp,341,88,photos/top_view_images/P3120685.JPG,photos/side_view_images/P3121039.JPG,4.24,4.24,4.003399848937988,-0.23660015106201193,0.23660015106201193
densenet121,concat,mlp,342,89,photos/top_view_images/P3120686.JPG,photos/side_view_images/P3121040.JPG,1.06,1.06,1.4702688455581665,0.41026884555816645,0.41026884555816645
densenet121,concat,mlp,343,89,photos/top_view_images/P3120687.JPG,photos/side_view_images/P3121041.JPG,2.12,2.12,1.974301815032959,-0.14569818496704112,0.14569818496704112
densenet121,concat,mlp,344,89,photos/top_view_images/P3120688.JPG,photos/side_view_images/P3121042.JPG,3.18,3.18,3.2949886322021484,0.11498863220214828,0.11498863220214828
densenet121,concat,mlp,345,89,photos/top_view_images/P3120689.JPG,photos/side_view_images/P3121043.JPG,4.24,4.24,3.991194248199463,-0.24880575180053732,0.24880575180053732
densenet121,concat,mlp,346,90,photos/top_view_images/P3120690.JPG,photos/side_view_images/P3121044.JPG,1.06,1.06,1.242884635925293,0.18288463592529292,0.18288463592529292
densenet121,concat,mlp,347,90,photos/top_view_images/P3120691.JPG,photos/side_view_images/P3121045.JPG,2.12,2.12,2.268362045288086,0.14836204528808583,0.14836204528808583
densenet121,concat,mlp,348,90,photos/top_view_images/P3120692.JPG,photos/side_view_images/P3121046.JPG,3.18,3.18,3.4331068992614746,0.25310689926147445,0.25310689926147445
densenet121,concat,mlp,349,90,photos/top_view_images/P3120693.JPG,photos/side_view_images/P3121047.JPG,4.24,4.24,4.234419822692871,-0.005580177307129119,0.005580177307129119
densenet121,concat,mlp,350,91,photos/top_view_images/P3120694.JPG,photos/side_view_images/P3121048.JPG,1.06,1.06,0.9438042044639587,-0.11619579553604131,0.11619579553604131
densenet121,concat,mlp,351,91,photos/top_view_images/P3120695.JPG,photos/side_view_images/P3121049.JPG,2.12,2.12,1.443893551826477,-0.6761064481735231,0.6761064481735231
densenet121,concat,mlp,352,91,photos/top_view_images/P3120696.JPG,photos/side_view_images/P3121050.JPG,3.18,3.18,2.702789306640625,-0.47721069335937516,0.47721069335937516
densenet121,concat,mlp,353,91,photos/top_view_images/P3120697.JPG,photos/side_view_images/P3121051.JPG,4.24,4.24,3.808391809463501,-0.43160819053649924,0.43160819053649924
densenet121,concat,mlp,354,92,photos/top_view_images/P3120698.JPG,photos/side_view_images/P3121052.JPG,1.06,1.06,1.5000332593917847,0.4400332593917846,0.4400332593917846
densenet121,concat,mlp,355,92,photos/top_view_images/P3120699.JPG,photos/side_view_images/P3121053.JPG,2.12,2.12,2.7409791946411133,0.6209791946411132,0.6209791946411132
densenet121,concat,mlp,356,92,photos/top_view_images/P3120700.JPG,photos/side_view_images/P3121054.JPG,3.18,3.18,4.135741233825684,0.9557412338256834,0.9557412338256834
densenet121,concat,mlp,357,92,photos/top_view_images/P3120701.JPG,photos/side_view_images/P3121055.JPG,4.24,4.24,4.5814971923828125,0.3414971923828123,0.3414971923828123
densenet121,concat,mlp,358,93,photos/top_view_images/P3120702.JPG,photos/side_view_images/P3121056.JPG,1.06,1.06,1.5167142152786255,0.45671421527862543,0.45671421527862543
densenet121,concat,mlp,359,93,photos/top_view_images/P3120703.JPG,photos/side_view_images/P3121057.JPG,2.12,2.12,1.9889267683029175,-0.13107323169708263,0.13107323169708263
densenet121,concat,mlp,360,93,photos/top_view_images/P3120704.JPG,photos/side_view_images/P3121058.JPG,3.18,3.18,3.1692426204681396,-0.010757379531860511,0.010757379531860511
densenet121,concat,mlp,361,93,photos/top_view_images/P3120705.JPG,photos/side_view_images/P3121059.JPG,4.24,4.24,4.217489242553711,-0.022510757446289276,0.022510757446289276
densenet121,concat,mlp,362,94,photos/top_view_images/P3120706.JPG,photos/side_view_images/P3121060.JPG,1.06,1.06,1.344269037246704,0.28426903724670405,0.28426903724670405
densenet121,concat,mlp,363,94,photos/top_view_images/P3120707.JPG,photos/side_view_images/P3121061.JPG,2.12,2.12,1.448769211769104,-0.6712307882308961,0.6712307882308961
densenet121,concat,mlp,364,94,photos/top_view_images/P3120708.JPG,photos/side_view_images/P3121062.JPG,3.18,3.18,2.793339490890503,-0.38666050910949723,0.38666050910949723
densenet121,concat,mlp,365,94,photos/top_view_images/P3120709.JPG,photos/side_view_images/P3121063.JPG,4.24,4.24,3.876950740814209,-0.36304925918579123,0.36304925918579123
densenet121,concat,mlp,366,95,photos/top_view_images/P3120710.JPG,photos/side_view_images/P3121064.JPG,1.06,1.06,1.207158088684082,0.14715808868408198,0.14715808868408198
densenet121,concat,mlp,367,95,photos/top_view_images/P3120711.JPG,photos/side_view_images/P3121065.JPG,2.12,2.12,2.461939811706543,0.34193981170654286,0.34193981170654286
densenet121,concat,mlp,368,95,photos/top_view_images/P3120712.JPG,photos/side_view_images/P3121066.JPG,3.18,3.18,3.6989288330078125,0.5189288330078123,0.5189288330078123
densenet121,concat,mlp,369,95,photos/top_view_images/P3120713.JPG,photos/side_view_images/P3121067.JPG,4.24,4.24,4.3310370445251465,0.09103704452514627,0.09103704452514627
densenet121,concat,mlp,370,96,photos/top_view_images/P3130714.JPG,photos/side_view_images/P3131068.JPG,1.06,1.06,1.0416315793991089,-0.018368420600891167,0.018368420600891167
densenet121,concat,mlp,371,96,photos/top_view_images/P3130715.JPG,photos/side_view_images/P3131069.JPG,2.12,2.12,1.7152175903320312,-0.40478240966796886,0.40478240966796886
densenet121,concat,mlp,372,96,photos/top_view_images/P3130716.JPG,photos/side_view_images/P3131070.JPG,3.18,3.18,2.9783873558044434,-0.2016126441955568,0.2016126441955568
densenet121,concat,mlp,373,96,photos/top_view_images/P3130717.JPG,photos/side_view_images/P3131071.JPG,4.24,4.24,4.113908767700195,-0.1260912322998049,0.1260912322998049
densenet121,concat,mlp,374,97,photos/top_view_images/P3130718.JPG,photos/side_view_images/P3131072.JPG,1.06,1.06,1.3050371408462524,0.2450371408462524,0.2450371408462524
densenet121,concat,mlp,375,97,photos/top_view_images/P3130719.JPG,photos/side_view_images/P3131073.JPG,2.12,2.12,2.258847951889038,0.13884795188903798,0.13884795188903798
densenet121,concat,mlp,376,97,photos/top_view_images/P3130720.JPG,photos/side_view_images/P3131074.JPG,3.18,3.18,4.032562732696533,0.852562732696533,0.852562732696533
densenet121,concat,mlp,377,97,photos/top_view_images/P3130721.JPG,photos/side_view_images/P3131075.JPG,4.24,4.24,4.542992115020752,0.30299211502075174,0.30299211502075174
densenet121,concat,mlp,378,98,photos/top_view_images/P3130722.JPG,photos/side_view_images/P3131076.JPG,1.06,1.06,1.389687180519104,0.32968718051910395,0.32968718051910395
densenet121,concat,mlp,379,98,photos/top_view_images/P3130723.JPG,photos/side_view_images/P3131077.JPG,2.12,2.12,1.8800641298294067,-0.23993587017059337,0.23993587017059337
densenet121,concat,mlp,380,98,photos/top_view_images/P3130724.JPG,photos/side_view_images/P3131078.JPG,3.18,3.18,2.6051230430603027,-0.5748769569396974,0.5748769569396974
densenet121,concat,mlp,381,98,photos/top_view_images/P3130725.JPG,photos/side_view_images/P3131079.JPG,4.24,4.24,3.430422306060791,-0.8095776939392092,0.8095776939392092
densenet121,concat,mlp,382,99,photos/top_view_images/P3130726.JPG,photos/side_view_images/P3131080.JPG,1.06,1.06,1.1617677211761475,0.10176772117614741,0.10176772117614741
densenet121,concat,mlp,383,99,photos/top_view_images/P3130727.JPG,photos/side_view_images/P3131081.JPG,2.12,2.12,1.8924152851104736,-0.22758471488952647,0.22758471488952647
densenet121,concat,mlp,384,99,photos/top_view_images/P3130728.JPG,photos/side_view_images/P3131082.JPG,3.18,3.18,2.540517807006836,-0.6394821929931642,0.6394821929931642
densenet121,concat,mlp,385,99,photos/top_view_images/P3130729.JPG,photos/side_view_images/P3131083.JPG,4.24,4.24,3.5327792167663574,-0.7072207832336428,0.7072207832336428
densenet121,concat,mlp,386,100,photos/top_view_images/P3130730.JPG,photos/side_view_images/P3131084.JPG,1.06,1.06,1.0266293287277222,-0.033370671272277885,0.033370671272277885
densenet121,concat,mlp,387,100,photos/top_view_images/P3130731.JPG,photos/side_view_images/P3131085.JPG,2.12,2.12,2.582660675048828,0.462660675048828,0.462660675048828
densenet121,concat,mlp,388,100,photos/top_view_images/P3130732.JPG,photos/side_view_images/P3131086.JPG,3.18,3.18,3.4875094890594482,0.3075094890594481,0.3075094890594481
densenet121,concat,mlp,389,100,photos/top_view_images/P3130733.JPG,photos/side_view_images/P3131087.JPG,4.24,4.24,4.439785480499268,0.19978548049926736,0.19978548049926736
densenet121,concat,mlp,390,101,photos/top_view_images/P3130734.JPG,photos/side_view_images/P3131088.JPG,1.06,1.06,1.2433338165283203,0.18333381652832026,0.18333381652832026
densenet121,concat,mlp,391,101,photos/top_view_images/P3130735.JPG,photos/side_view_images/P3131089.JPG,2.12,2.12,2.3923611640930176,0.27236116409301747,0.27236116409301747
densenet121,concat,mlp,392,101,photos/top_view_images/P3130736.JPG,photos/side_view_images/P3131090.JPG,3.18,3.18,3.5698559284210205,0.38985592842102035,0.38985592842102035
densenet121,concat,mlp,393,102,photos/top_view_images/P3130737.JPG,photos/side_view_images/P3131091.JPG,1.06,1.06,1.3930774927139282,0.33307749271392817,0.33307749271392817
densenet121,concat,mlp,394,102,photos/top_view_images/P3130738.JPG,photos/side_view_images/P3131092.JPG,2.12,2.12,2.3420941829681396,0.22209418296813954,0.22209418296813954
densenet121,concat,mlp,395,102,photos/top_view_images/P3130739.JPG,photos/side_view_images/P3131093.JPG,3.18,3.18,3.4466969966888428,0.2666969966888426,0.2666969966888426
densenet121,concat,mlp,396,102,photos/top_view_images/P3130740.JPG,photos/side_view_images/P3131094.JPG,4.24,4.24,3.753655433654785,-0.48634456634521506,0.48634456634521506
densenet121,concat,mlp,397,103,photos/top_view_images/P3130741.JPG,photos/side_view_images/P3131095.JPG,1.06,1.06,0.9875425696372986,-0.07245743036270147,0.07245743036270147
densenet121,concat,mlp,398,103,photos/top_view_images/P3130742.JPG,photos/side_view_images/P3131096.JPG,2.12,2.12,1.7310317754745483,-0.38896822452545177,0.38896822452545177
densenet121,concat,mlp,399,103,photos/top_view_images/P3130743.JPG,photos/side_view_images/P3131097.JPG,3.18,3.18,2.487152338027954,-0.6928476619720461,0.6928476619720461
densenet121,concat,mlp,400,103,photos/top_view_images/P3130744.JPG,photos/side_view_images/P3131098.JPG,4.24,4.24,4.0740766525268555,-0.16592334747314474,0.16592334747314474
densenet121,concat,mlp,401,104,photos/top_view_images/P3130745.JPG,photos/side_view_images/P3131099.JPG,1.06,1.06,1.268383264541626,0.20838326454162592,0.20838326454162592
densenet121,concat,mlp,402,104,photos/top_view_images/P3130746.JPG,photos/side_view_images/P3131100.JPG,2.12,2.12,2.0198025703430176,-0.10019742965698253,0.10019742965698253
densenet121,concat,mlp,403,104,photos/top_view_images/P3130747.JPG,photos/side_view_images/P3131101.JPG,3.18,3.18,3.1855978965759277,0.0055978965759275745,0.0055978965759275745
densenet121,concat,mlp,404,104,photos/top_view_images/P3130748.JPG,photos/side_view_images/P3131102.JPG,4.24,4.24,3.6346232891082764,-0.6053767108917238,0.6053767108917238
densenet121,concat,mlp,405,105,photos/top_view_images/P3130749.JPG,photos/side_view_images/P3131103.JPG,1.06,1.06,1.5929373502731323,0.5329373502731323,0.5329373502731323
densenet121,concat,mlp,406,105,photos/top_view_images/P3130750.JPG,photos/side_view_images/P3131104.JPG,2.12,2.12,2.581043004989624,0.4610430049896239,0.4610430049896239
densenet121,concat,mlp,407,105,photos/top_view_images/P3130751.JPG,photos/side_view_images/P3131105.JPG,3.18,3.18,3.743987560272217,0.5639875602722166,0.5639875602722166
densenet121,concat,mlp,408,105,photos/top_view_images/P3130752.JPG,photos/side_view_images/P3131106.JPG,4.24,4.24,4.441941738128662,0.2019417381286619,0.2019417381286619
densenet121,concat,mlp,409,106,photos/top_view_images/P3130753.JPG,photos/side_view_images/P3131107.JPG,1.06,1.06,1.350885033607483,0.29088503360748286,0.29088503360748286
densenet121,concat,mlp,410,106,photos/top_view_images/P3130754.JPG,photos/side_view_images/P3131108.JPG,2.12,2.12,2.303091287612915,0.18309128761291493,0.18309128761291493
densenet121,concat,mlp,411,106,photos/top_view_images/P3130755.JPG,photos/side_view_images/P3131109.JPG,3.18,3.18,3.318458318710327,0.138458318710327,0.138458318710327
densenet121,concat,mlp,412,106,photos/top_view_images/P3130756.JPG,photos/side_view_images/P3131110.JPG,4.24,4.24,4.5087151527404785,0.2687151527404783,0.2687151527404783
densenet121,concat,mlp,413,107,photos/top_view_images/P3130757.JPG,photos/side_view_images/P3131111.JPG,1.06,1.06,1.1201399564743042,0.060139956474304146,0.060139956474304146
densenet121,concat,mlp,414,107,photos/top_view_images/P3130758.JPG,photos/side_view_images/P3131112.JPG,2.12,2.12,2.633908271789551,0.5139082717895507,0.5139082717895507
densenet121,concat,mlp,415,107,photos/top_view_images/P3130759.JPG,photos/side_view_images/P3131113.JPG,3.18,3.18,3.1190104484558105,-0.06098955154418961,0.06098955154418961
densenet121,concat,mlp,416,107,photos/top_view_images/P3130760.JPG,photos/side_view_images/P3131114.JPG,4.24,4.24,3.922102928161621,-0.3178970718383791,0.3178970718383791
densenet121,concat,mlp,417,108,photos/top_view_images/P2090065.JPG,photos/side_view_images/P2090150.JPG,0.0,0.0,0.6303970217704773,0.6303970217704773,0.6303970217704773
densenet121,concat,mlp,418,109,photos/top_view_images/P2160216.JPG,photos/side_view_images/P2160516.JPG,0.0,0.0,0.6967582106590271,0.6967582106590271,0.6967582106590271
densenet121,concat,mlp,419,110,photos/top_view_images/P3100642.JPG,photos/side_view_images/P2020002.JPG,0.0,0.0,0.6976756453514099,0.6976756453514099,0.6976756453514099
