backbone,fusion,regressor,cv_mae_mean,cv_mae_std,cv_mse_mean,cv_mse_std,cv_rmse_mean,cv_rmse_std,cv_r2_mean,cv_r2_std
densenet121,concat,ridge,0.2581303148042588,0.03524784554833546,0.11083376986978763,0.032471970982965566,0.3296839992244047,0.04628423624940069,0.9215149592414115,0.025533546042438394
densenet121,concat,linear,0.26572785972413565,0.03338983048355428,0.11811084171066258,0.03190619129321883,0.34076261489098336,0.04462826462368805,0.9164453814174935,0.025050140252151798
densenet121,concat,elasticnet,0.26610587158657256,0.03897763086801846,0.11695766945468655,0.033626687339999496,0.33859658921093033,0.04806265940843321,0.917275372569347,0.026138117605176384
densenet121,concat_abs_diff,ridge,0.26719336605072025,0.03569044747374976,0.11861877319804717,0.032201165392125426,0.3415020062291937,0.04466713489225561,0.9160250420129115,0.025554900949990203
densenet121,concat_abs_diff,linear,0.2711692640213739,0.03435245135120667,0.12132529332767258,0.03321543125302801,0.34526177270286235,0.04603913159204459,0.9141219670913479,0.026221405547645057
densenet121,concat_abs_diff,elasticnet,0.2739546061016265,0.041066687461450785,0.12255251985763574,0.03523042246218631,0.34658016022520055,0.049342804905173995,0.9133148033553962,0.02737492922536535
densenet121,mean,ridge,0.2842400291533697,0.03902644611650309,0.13447347149913552,0.036537822556965714,0.3636769105011674,0.04703803001254834,0.9048897679238139,0.028862965419580642
densenet121,max,ridge,0.28615039315677826,0.028710213467486114,0.13542325423206653,0.028705772617210086,0.366046827935572,0.03785464291698302,0.9043421018144201,0.023016005146058637
densenet121,max,elasticnet,0.2883821872188931,0.05110523587368274,0.1409642319801179,0.04539924961224879,0.3712119937128627,0.056266221695076654,0.9001107605137701,0.03561448529679817
densenet121,mean,elasticnet,0.2912253384930747,0.04745963674082585,0.14373635341544536,0.04964802364354616,0.3743978829550148,0.059687340820716604,0.8980016748309827,0.03903509957021734
convnext_tiny,concat_abs_diff,ridge,0.2964285132998512,0.03120266873616183,0.1461753822083851,0.02780144584874208,0.3804061297589245,0.03829567404056715,0.8972194943128831,0.020212929257916165
convnext_tiny,mean,ridge,0.29838663172721863,0.0225390719921119,0.14104072357418646,0.017105799152591344,0.3748193225530529,0.023477627969131304,0.9007835640438364,0.013269855636844378
convnext_tiny,concat,ridge,0.29909418876965843,0.029434702216635696,0.14776716756910147,0.025437871407454894,0.38295281234963074,0.03338129839610759,0.895901276830554,0.01996036510401583
convnext_tiny,concat_abs_diff,elasticnet,0.2995248306478773,0.030790247354938745,0.14666025581610337,0.028716259935438488,0.3810375598641464,0.03834884338386787,0.8967030538374517,0.02197082206136016
convnext_tiny,concat_abs_diff,linear,0.300471542596817,0.031226953838841616,0.14808604328382802,0.02827277361595004,0.3828881044885614,0.03850639849407482,0.8958392461880269,0.02078342958938671
convnext_tiny,concat,elasticnet,0.3058875786236354,0.037779471027312356,0.15148074932374933,0.030848616746855358,0.38714585961839304,0.03998540613880083,0.8932277114251962,0.02399916606844084
convnext_tiny,mean,elasticnet,0.30606414290836886,0.04369184722322811,0.15081457819717856,0.03828633297829069,0.38527446628333506,0.04876642110376661,0.8935357300032265,0.029824758204426285
densenet121,max,linear,0.3061290358021146,0.023665675808780994,0.15700933408382478,0.026012257252869115,0.3949098783201907,0.03248879943852894,0.8893166442864242,0.02052648548374659
densenet121,mean,linear,0.3119214443933396,0.0299158234638148,0.15345359703093484,0.035361477470350795,0.38913105282693916,0.045062409575307105,0.8917628679294914,0.02716398853189303
convnext_tiny,max,ridge,0.31745536881401426,0.028423571905243413,0.16548931372774328,0.02688222130872581,0.4053721720030756,0.03409862010774304,0.8835692283678386,0.0201800853456288
convnext_tiny,concat,linear,0.31961663187117806,0.03186607092015443,0.1664019520640046,0.029017025135510705,0.4063900048498311,0.0353428355138471,0.882709799966553,0.023136044095215177
resnet50,mean,elasticnet,0.32913888617924286,0.04085825287512114,0.17938326861447124,0.0409894718800809,0.4210815540157463,0.04553672673958265,0.8732027250822252,0.03309922395184161
resnet50,concat_abs_diff,linear,0.32993028555597576,0.04178288665977576,0.17900463951788964,0.049403858054236624,0.41961641235082625,0.0540990388427648,0.8732436219115458,0.03945139185123671
resnet50,concat_abs_diff,ridge,0.3314461395286379,0.04094346009144984,0.18049301571132054,0.04824576630290775,0.42157208480713615,0.05263072318223792,0.872228109751671,0.038630345828904136
vit_b_16,concat,ridge,0.33300176757857913,0.020769130404237487,0.1792488566025586,0.01651989114361509,0.4229262528007868,0.019550992160080684,0.8739053176596739,0.013163946837743225
resnet50,concat,linear,0.3352572918960026,0.04222756294768422,0.18575593252589542,0.04885799764011334,0.4277456618022568,0.05281648734291929,0.8685577238189779,0.03903583938128365
resnet50,concat,ridge,0.33621645603861133,0.041163761679636694,0.1855681326483651,0.047822547414057795,0.427651034189873,0.05179503455638612,0.8687116499485759,0.0382674530972431
resnet50,max,elasticnet,0.33650101668494087,0.04625950231711075,0.183653673225907,0.0469600473565561,0.42551774286801214,0.050875571057427106,0.8700381690044889,0.037741809186959595
resnet50,concat_abs_diff,elasticnet,0.3367893067768642,0.02830071172047675,0.17563845314451634,0.03242034656149671,0.41748394255495624,0.036682568793453,0.8759182250941484,0.02702419936006987
convnext_tiny,max,elasticnet,0.3380976847921099,0.038164084989035306,0.18591167113380663,0.040775803127257836,0.4287111517772061,0.04602629113526285,0.868777087183744,0.03237116730118178
vit_b_16,concat_abs_diff,ridge,0.33997422690618606,0.01913643086823089,0.18722352155371186,0.01819251054278236,0.43218625656190995,0.020941852657175398,0.8683395731726163,0.013782907698107257
vit_b_16,max,elasticnet,0.3412873603048779,0.029694503202281154,0.1928379126643402,0.030394148224309425,0.4377333330527624,0.03503486547511743,0.8639204843686997,0.025025530923119044
resnet50,mean,ridge,0.34252855029560275,0.050866869975647946,0.18708664485998283,0.05461404376294096,0.42843318772896677,0.05942767463378317,0.86756599949192,0.042981518799015614
resnet50,max,ridge,0.34332367136364894,0.05347723474502358,0.19150739657152624,0.059973133660960805,0.43293017614692914,0.06386594673936326,0.864334703550764,0.04710928829596777
vit_b_16,mean,ridge,0.3434780514921461,0.022454675128288616,0.19079804421034371,0.02237591330908421,0.4360971315075052,0.024846249239461715,0.8655144965886044,0.019595766399754234
resnet50,max,linear,0.3458112445445288,0.05364064969058216,0.19544513634819272,0.057533910955858115,0.4378297990077856,0.06123890470113548,0.8616201383311074,0.04526708592468073
vit_b_16,mean,elasticnet,0.34623566420873003,0.027411760944280755,0.19105577798759268,0.028931453975581473,0.4358639480684138,0.0328389518987398,0.8652876146190153,0.023703111068674725
resnet50,mean,linear,0.34704377425284616,0.04831084731657782,0.19349686522409879,0.053704993073472464,0.4360724068497978,0.05777301453380464,0.8630856095149013,0.042327285157053626
vit_b_16,max,ridge,0.3477353272097451,0.028661987824835346,0.1982785754126796,0.026802297233098238,0.44426539953425487,0.030113621325714268,0.8601012328634257,0.023018524959801296
resnet50,concat,elasticnet,0.34833593147141595,0.03129994152106289,0.18758045096609996,0.03370449298811882,0.4315030058294484,0.03722374143273293,0.8675838333819801,0.02780074246311154
vit_b_16,concat_abs_diff,elasticnet,0.34941542894499644,0.020314065783097496,0.19468914026047363,0.02016696084019366,0.44064362521438827,0.02285466732191268,0.8629685911819628,0.0162971971077231
vit_b_16,concat,elasticnet,0.3515517806098575,0.02354604455648679,0.19663528267944785,0.016801215962229492,0.4430346631403429,0.01885656213552073,0.8617251818245153,0.012783252070852036
densenet121,concat,random_forest,0.35172113689220824,0.025075459417181492,0.19370447201691782,0.025626834539488115,0.4391072378941419,0.029821228108433576,0.8637460173387617,0.019433407712570516
densenet121,concat_abs_diff,random_forest,0.3532911218257894,0.024723226415288523,0.195416717094456,0.0256220089515935,0.44109711545236563,0.02915564840744162,0.8624174152509759,0.020423334387348092
convnext_tiny,mean,linear,0.36440937609899615,0.021005998221176873,0.20467690863967153,0.017903393573400917,0.4519734741627698,0.01992203034099894,0.8561365213755557,0.01294524596024387
densenet121,mean,random_forest,0.36501706100182885,0.023036090781516673,0.21445401112783352,0.029602152955609924,0.461959380854647,0.03236574683557749,0.848968475174906,0.023317035976001734
vit_b_16,concat_abs_diff,linear,0.3680671834605081,0.017925867591625805,0.21566139350523272,0.020115170745584336,0.46390967234742975,0.021194560805382928,0.8484918889634011,0.013528740548944013
convnext_tiny,max,linear,0.3714188358897254,0.025407969914254036,0.2179705347039665,0.032082039935071305,0.46546989551108275,0.036170583031908454,0.8468105972368116,0.023142949297173494
densenet121,max,random_forest,0.3736931723370487,0.02349659812470545,0.2163402286325095,0.024312229952781525,0.4643886422269148,0.026142257040125103,0.8477317518663477,0.01954744695576059
vit_b_16,concat,linear,0.38144574866976055,0.031127382055778398,0.23015318996853415,0.02568726592946107,0.4789524459063938,0.02752715983927627,0.8380949798100877,0.019426431556694868
convnext_tiny,concat_abs_diff,random_forest,0.4043101400373839,0.03819679413572137,0.23929495408325613,0.03564322423407994,0.4877635039540754,0.03717147150300659,0.8316029452746319,0.02722500271959679
convnext_tiny,concat,random_forest,0.40524342206052966,0.04012624088024201,0.24264809091653863,0.04007376035856192,0.49083896790218884,0.0415355089682636,0.8292878099778198,0.029667580850680105
resnet50,concat,random_forest,0.4070027137188211,0.036441327127691624,0.2557044126937412,0.04418686138433729,0.5038402856264035,0.043004409932531726,0.819448342009587,0.036538385811188706
vit_b_16,max,linear,0.4109840358779544,0.03291874419854749,0.26925894428839053,0.03761781237168906,0.5176325876978052,0.03626911139888148,0.8108664131317449,0.025630813143378374
resnet50,max,random_forest,0.4130470228253543,0.03847918747171437,0.26072790283675246,0.05063275628657661,0.5084474721322753,0.04700075445194057,0.8157984117042923,0.04175912406701173
resnet50,concat_abs_diff,random_forest,0.41537644743040963,0.03434556439633945,0.26220220328790583,0.042758727183227936,0.510447813131481,0.04056147626991079,0.8148972858658177,0.03585770709576467
convnext_tiny,mean,random_forest,0.41820486006765367,0.024086274517937097,0.26034824684556224,0.021506630852689466,0.509799923212263,0.021266996457725083,0.816896648364434,0.017161714504624594
resnet50,mean,random_forest,0.41958933494598477,0.03944505090560134,0.26942293710877496,0.05071501654236701,0.5169222572309963,0.04705653076871211,0.8098116307750335,0.04131631578052362
vit_b_16,concat,random_forest,0.42411692626667197,0.026768700724992777,0.26852593455368623,0.02821588598381251,0.5174958675475503,0.02690653498491381,0.8114006811860628,0.01886706014332924
vit_b_16,mean,linear,0.4252568224157606,0.02059268040404814,0.2921990215584236,0.02356535053756041,0.5401228855678915,0.02159375011984183,0.7942867200672026,0.02140911363824071
convnext_tiny,max,random_forest,0.4322592986034083,0.02712888155426322,0.2734010601361538,0.03422433882392025,0.521845291622528,0.032841311599151886,0.8077174611423235,0.025649802324207063
vit_b_16,concat_abs_diff,random_forest,0.43390530022832774,0.023791023403037286,0.27982395698821116,0.024262680234386175,0.5284881421286415,0.02289630139625165,0.8034924241131571,0.015736857078791047
vit_b_16,max,random_forest,0.4458967918981308,0.022389464216198703,0.3031905696180178,0.027763260767935293,0.5500536778037111,0.02513008461245236,0.7870595588817344,0.01879550881766089
vit_b_16,mean,random_forest,0.448280569351519,0.019801319410598008,0.29978049523000994,0.03812311810129714,0.5463404599540994,0.03595270570003246,0.7890579406468046,0.028708788847776695
convnext_tiny,mean,mlp,0.5079598671935853,0.01595487321597908,0.3983516428469631,0.03031322889350012,0.6306752057109148,0.02450362725104877,0.7195874353327003,0.027106401283219728
vit_b_16,mean,mlp,0.5487308327555657,0.050721358264393744,0.4760858153580349,0.07163466015074618,0.6879943381650209,0.052436685735367715,0.6648066625942727,0.055902070297002025
convnext_tiny,max,mlp,0.5821680647617296,0.023053036143432352,0.5346397076636633,0.045038866662785386,0.7305291596944321,0.03109428403758798,0.6239058948110531,0.037238407685662736
densenet121,mean,mlp,0.584484146708534,0.03891485548896994,0.5323151149334882,0.06755892629744023,0.7280720671765968,0.04718241124280763,0.6250022549344291,0.055014456047705516
vit_b_16,max,mlp,0.595555895007792,0.037929028140861146,0.541414938904123,0.05204630635068387,0.7349684765364796,0.035160736649979984,0.6190510414697752,0.041473376205050254
convnext_tiny,concat_abs_diff,mlp,0.6152562982468378,0.03187151398686869,0.5867494029389075,0.06701150535305209,0.7647203130385851,0.04418422529677286,0.5882402211157858,0.04322144633339545
convnext_tiny,concat,mlp,0.6238463222604422,0.043310639084161474,0.6591218392634778,0.0834106872184767,0.8101904322453766,0.05208937282716486,0.5372052718107585,0.055844280310384235
densenet121,max,mlp,0.6336558487372739,0.046743225535875774,0.6312247947264088,0.07129270117174039,0.7931304820231664,0.04657073342893008,0.5554372583199856,0.058352571343900116
densenet121,concat_abs_diff,mlp,0.6503663872054647,0.05850471629088422,0.6793745119773018,0.12859984504976915,0.8207476110082373,0.07581471494092007,0.5211580524687698,0.09791816505474893
vit_b_16,concat_abs_diff,mlp,0.6739668612664655,0.07678283571340891,0.742352434002518,0.18275469611317288,0.8545909360023408,0.10966661344803649,0.4778495376323443,0.12934283071441513
densenet121,concat,mlp,0.688371971783184,0.10885614914301109,0.8009255030711155,0.24306390263091887,0.8856737630459476,0.12848147151689418,0.43553169276978193,0.17712131074351325
vit_b_16,concat,mlp,0.6958158328916346,0.0918285234761073,0.7668107430396663,0.22382552013892199,0.8675287241646241,0.11918328653366535,0.4566641592225305,0.17781494609318163
resnet50,mean,mlp,0.8174996730160146,0.047180792424293135,1.073495055374738,0.14249467728871626,1.033822853105787,0.06859565416954791,0.24749970743257727,0.08623250982298887
resnet50,max,mlp,0.8441142438380492,0.04844668512035036,1.1371718523299261,0.11649288837903642,1.0649603688673253,0.05505692573960962,0.20124874140294563,0.07720517520963481
resnet50,concat,mlp,0.9937637891471388,0.1339856580388029,1.6052383643825667,0.4675389957548756,1.2540406941061675,0.18061091303763394,-0.12152600456970082,0.30463001649674104
resnet50,concat_abs_diff,mlp,1.025451013943092,0.042231852576278234,1.7229595212715636,0.2731020115494213,1.3087753267776525,0.10033277275951502,-0.21032324751350454,0.18585823611244107
dummy_mean,dummy_mean,dummy_mean,1.0614421768707483,0.0,1.4238381496598642,0.0,1.1932468938404426,0.0,0.0,0.0
